Username,Password,Registration_Date,Num_of_Art_Edited,First_Name,Last_Name,Salt
m$#jfX@JDty#!Z\%*/T,VM!aS\H/%cF*je$,4/17/1994,57,Jbkshoriy,Yuiwjvcsgcs,15:42:38
&!Cw,I\*!q\\#!U*!GONNm*f@vNTS&$G\RL,11/23/1954,0,Efevrbx,Foweshtcaqykuv,20:27:49
pBe/#eY$n%#Si@Sx$ihToZv@VPY*kX,*aSyo/b@iQ&TK%^x\$Oy&SLBw*,1/1/1987,110,Mewibydknw,Ekdikqf,6:12:32
&AQyk^aMvkGaX/Kf\oQMa#\,wq&^zb@lZZ@MIB*vKPFEt$d\,1/14/1961,56,Dolrtpdqlb,Cebheritlokmdd,20:9:55
!nCJqhi&Tx%oZG@^*Ii&,bvrNPq%FL!yV%gU,7/9/1985,98,Yehfkodnfoyopyf,Nnhebblkkttnqa,7:18:34
&Iq\\$@#Z%,/N%&$gvTe^A*dI%DQ&S!,6/10/1980,119,Ehkdoafxeb,Njqteovgbwywli,11:16:24
@jFDBz,g\#m!acE%P#^qnIj*%sZZ,11/13/1951,119,Zfewpuqrilj,Vbmihjk,4:14:26
P%\@WbYB##YLC,\zr@%IMV#*P/smEY%M%B\vSLN*M,11/11/1953,34,Udiyis,Lrtuth,21:14:42
&CBZL@$/mD^z,ZjSJjS%w^Lql\$f!\$,7/11/1974,66,Vjujtx,Hgjavqlc,21:48:7
ToOckgPHXt&C/t^D&$AMUz*&%,%gR&zCXG/\\sIYqlEwHr*!Fcg*v$pg,8/5/1983,13,Wdtkwplpy,Emsxnkflsmbaqis,15:28:16
tV$&%uI&&Q@FzRQLR!MnM,!H@RI%&a&pGE#Sm%UV!vJ$&DLAw#Y,9/3/1978,112,Dvaktxwaunol,Rhcgslodvg,8:56:22
bunvUOR,!P*SrcXbj$\njjQT^Q&Oxlg,4/15/1954,2,Eoxrfd,Tpjujsdt,13:31:45
\A%$zRu@i\\,ggNkv@M/Gusmwgx$TGlJe/P,5/8/1999,140,Tdgyjtsewim,Vjxivsth,6:13:7
fI!B*VY!s#PQ,K$\&*rXXhtAWkX%&!*WnA!VsNXr,1/22/1979,80,Gaevhxmpyvr,Atrbiu,23:15:37
$c*@%M*NT,$XAR@/&h!$b!xV@Lk!g$k,7/27/1990,76,Wnccaftplmx,Btbtlkj,10:55:30
Ihyf/\uY#DGgUtZR,rPzMafS#Gb&^W*L@/^ipra\z,6/6/1979,70,Nemyjbcbtgpabns,Zmmgitcmln,6:36:56
iR&/!/^sq%F*//Mmg#oy*\qv@^$u,xFuLROpp#at,5/8/1989,78,Jiutcub,Mcioeyvwspajkp,23:20:7
*z^&cE%LMl#@#TH^QC@$^Lk&T,tl/ood\$CfS,8/17/1995,123,Delnhkowsab,Cjjuvrirqsdb,9:12:52
e/@M&\L%DTM@mWh^x^G&J\#@nZ,jqF$QWX\UTPAV%Pg#WMa#\,4/14/1987,100,Ljrbvneiiypbr,Xljpahi,10:22:50
NCp*ovP#mu!/WNM,S%%Mn*!Z@ZhfCt%X$$s,4/18/1963,11,Zhvobqg,Tdhysoqkaeu,10:46:17
@E!BMPv%d%Tw%uuKEEHh$j@Ha$F,E/LOVna%F,10/13/1988,16,Cwdcqjt,Lscirccl,9:20:38
z$kzM&$$pmN/,U$Zbu^^&*!PTH,3/4/1966,0,Jkpivbgci,Lklykgk,11:42:21
c%P&#@%io/&DVLSWSTMQ\,/SF&WEXj^SN#V,1/29/1989,0,Eyqukjuxlghoq,Lmvkksacfdsl,17:36:55
Udcs%ZeYB*V//&d,\Up^iAX$b\,5/6/1996,29,Cdpdgn,Wqvthxegyuar,15:7:33
^v#Xpj^Ii^hK*,Z%WFPc!wi\!N@B$l\#z*MTUk#!Wm^P,3/20/1994,0,Tugdgaoedxpbrlu,Xtoevsmelgao,19:38:19
!iRys&^E,Gqcg^$BQS$UvrGKE#L\z!/a,7/31/1969,0,Qvcqyof,Ytwtvqnyhgefn,16:15:52
Ti/A,zTeO&xUC,7/13/1997,160,Lecdqvppucu,Svhvbb,10:50:9
&&xv,kX*lz#&pDN,2/6/1959,1,Wtwscbtjnxgkv,Fiemxh,15:5:10
%p#!u^/I@FHAdcuw&h^SVL%KGYT%,!rc!@T#uu&&&c#YLE@e,5/9/1989,0,Qtfuvchiaflq,Jtldlducblk,6:35:25
/OnpaZ^V*e@YqYtBP&QebLyD/^z^,YSzE/JF@dk\Id\L^lBKffCZ^%&yN,8/13/1967,24,Kxhrcsntbbgfxwe,Mjxhkukw,3:41:22
&/heBriGw/L/cUX$g^QUuh,WCOUdcdY#DiU,8/23/1957,59,Kcrlyn,Gijpbrvnvpx,9:12:42
Eh/IHdxFd!*%cP\hS,&ZU\hdKfGl!#mF%!!$c*lNCQ,3/4/1961,0,Wuqfuycqfivp,Hepbxvo,23:43:39
#\THt#FA^Yv\BWm$AhG*%hSaEIc@,tQ\yZR#cmFF^#k#,9/2/1966,57,Xkflrucnwsjycvj,Rcoyybpgie,5:4:26
Lsr\J*HDX/%$ezS/U%W#,*%c#%ebOB,10/29/1997,105,Fysmdiygmmke,Drceeiiuhy,4:49:52
%#Wh!NAyAW@!&K@q!Ppn/,fk\$%FENcb*ml#G#b$sd**ykK,12/20/1968,0,Bnfrvkt,Jxlyapltkv,14:5:30
S^Pd&!/I/uy@BT##^J/aA\,^AHT/nBElCuYQ!&@**\DQFznK$$&H^,11/26/1999,111,Zmjtnfmpo,Osbbdnatvo,13:46:49
*%L\eCmMW#f#%me!oV,*dCj!RXk^R$$aTcN%ooXed,9/11/1974,66,Vohcyyby,Upqkkjpv,17:7:17
$NIk,\/p*\*Q*tiMu,4/15/1953,37,Etomlvsxeojqtiy,Mtwklawbldf,11:46:42
^*^\!$Me/d!@/WW!,nt^!A!B#l\/rZQdVLLTOmG^jV#ks,7/22/1994,95,Oiokbacxrmoni,Znfskbeiuqjvn,15:54:38
RXEvO&Pu!ZUP$ZMt#G$^y*\kRur*%,@\EQtf^Vi/wUH\%ga#uT,6/20/1982,92,Zgkgvhywfac,Qjjdbsfytedykhv,16:28:32
O^Se^vX/!FiojtHwE\DXr/NNf,u*%!lDr/,3/10/1998,45,Iywrdyrtssitj,Moyrkg,6:40:24
s*AEitzHgJx%D!,b^ardiu@hqhKhi%%b#J#%^,6/9/1994,20,Oadxplcewlt,Pkojbrakfjenqa,12:22:7
yxQedzY%Dqn$U^lV$lW,zE#$^*m*/c^!%h^$eEH@m!c,12/25/1978,32,Vqsxyg,Shmhxg,17:5:52
^V/KT#ire#$&V@#*v%lfIul&#,GXI^/a$@!hR^&p$,1/26/1998,0,Rpgbfsd,Rsppvx,8:47:45
#YO#x/py/fZP!QmHEf@,HhIeP$x/jqmCrZBw#y%F*fdfA%,7/9/1983,0,Zemxeehulqqvvte,Bjdvnvsvsn,6:7:15
@e@liwDIv,kwx^m!x%Uhd/MJC/V*cPD$BzcF^,9/9/1975,0,Thptfcjebfrracb,Kokxjvoktgmf,23:16:27
HXT$%qDEvU\*ZE&@aQ@kV^/s/aN,u$DGZaMc!/v,5/22/1962,131,Uxummfjnrydmed,Ycdejchap,18:44:51
DcG%&x&uzO#&tJ!gFRNa#,jaRnpB@$Q$$YN*Gg@zZQlNima,7/6/1985,142,Wpungofhfwjdyr,Dasplv,16:6:4
/qEK#p\^%l&#RM/mlG,v#&RDvGiM&MJzNzpr,3/18/1953,9,Nufhvbc,Clhfcpyxqmr,1:45:57
LuNvuN&F@EK!o/J$@XAdULL/,gQ$z@/%$V\$!^^@mo%g,11/26/1977,46,Tjtktp,Dphldbrt,23:52:48
s/QEfojTxX/#qCC@,iNZ^zsQnYHb*\iB&X#\^G$ahDn#!mr,3/21/1950,58,Glifwlifpwyswbh,Isalwmlgvq,7:47:54
ACt*&!Fp$EB!ycW#ZnaRo&yqsxdHI,KApElA#yT&EE%^^n!,3/5/1973,105,Pekkxrkpfqet,Teaomydkn,1:17:13
Lbuvq\MUd%Dc$@Nh!Yn,\SUc^FXTF/^zV@,8/31/1950,10,Cfybasyfroebos,Oibuftupil,11:0:13
^sR$w/MMOiBydtzi,O@drxz%Y\QJO\!txW^jyy,2/6/1992,104,Ecwrwcvg,Mdgtdxqlpw,12:12:12
a&Rr@vnl/gF!a&/sJZ!,nyg*FuVs,2/14/1987,154,Ffhgdwvausfarv,Tgbbagkogoryl,2:21:0
i^HEAZ#^Z&je*umU#!%NY,bLs@jDkDaV#!%e,6/29/1956,47,Qphvfboyep,Fagoqmfywx,6:19:39
yCiS,uZ\$!/IX#hpWkDRJA&%Szc*j!*qFV*,7/7/1972,20,Tymbntxpi,Ivsbeimvixcnul,0:8:6
@Gm!vk$@WB^M^,j&J#$h\KzW,2/24/1964,80,Qilpxwshjjea,Njdgwrcmco,13:4:41
/!ndq@@d!Q@&\U\,%y\Vmxf\oXEKa^w,11/11/1960,58,Ohbsrhktxbtixy,Kcpfsnfhfj,8:47:32
&P@I!&J@*@W*aG&nJh@OxqP,*XZ^*&&CQCS^JJs\@*%QNjV,4/3/1985,57,Nnhofbblkmgcsug,Npjofsns,3:20:34
As%F/#AV#P@$Q%*IV/mOV&NamSbeNZ,dgk@pBjp\rB&&W*ztpfguc,6/27/1956,91,Mvicbtckfodixv,Qeicalin,6:32:6
AD\t#!$X%wBw&uxRRb!*iO#bMmjA&,Ht#/U*mJ@v%\VVZne#u*VhZk^MY,10/12/1972,84,Eychfkpy,Sobjhsdmchu,11:10:54
^TF&%@!D\%u$F,FNMUsEWyn@,5/21/1961,6,Mmgexkso,Jqljoehcoyai,20:13:12
tzC!Q\&&o,AP/#ICr/Bmw&ne*ugtp,12/30/1992,0,Txxhbjucdalfclx,Lovkmqjawgc,20:40:39
%^QSv\,M$\WjM#d*RWcJJf$aaU,11/23/1974,38,Vonjcfpeiwyn,Rsbhopq,9:44:38
GJXRNRRu#qPzpen%!#,qqw%@eQo#^^bkdfiD\R,11/17/1981,80,Zwcvmmiy,Ysknwlkjp,19:32:11
up/B#!v%,@h%\!nr&Lkx!*AXn&/neekKBO#&!!,3/13/1991,128,Dvaovnbvwgcwdpl,Vwxgxtvydb,16:0:39
Kn^*$q%*k$q$Qq#HC@\hOekpdCCv,j$!\k%ej\YP$^*p,8/7/1980,0,Sgdidviy,Nuyhgkg,5:14:22
l@TO@$!CqNbH%csI/A%MQVq/,k\jo^J!Ek%#tds#IJp,1/7/1951,37,Gkkuxuo,Odtsaj,6:2:57
zNj&LyKx*!#XPQc/g#C%uvzWc&,&JA^eqzL&m&*,3/11/1993,3,Qedrcyb,Kispgkqk,13:17:44
oUiqi$tqdVnJTUq#,w&@%Xo$a*%/^ztgr\Eah,10/19/1974,15,Lcdftvnkoox,Slybclbo,15:2:45
&^YwkDbSKFO$QT^RoTx%bf$#,Rj$*u@@xHjJadaMm,1/27/1987,0,Iahhbnsitfy,Ixrceiqwmfeccjj,16:34:31
\u/@CM^$\*ggwX*Lx,kHcmG%KMVo#QD%el@dyy%#%SX,8/18/1983,39,Gwnqneggiqgfg,Sewueekmndq,17:15:23
L*hR/HT,s\z/@Ek&ZE%,9/8/1993,65,Igpwcsb,Wtpnsl,7:21:21
^^*BOw##BeTBA%d\Bk,\$J/v$n&BMW%v@L$$SkpP!%xEG#\K,7/17/1990,18,Lypkgkedos,Ttkyadgmeeysn,4:11:5
^vm@va/!&%^,H\lx\Hr&ViKx^/^#Ov@b,2/22/1981,68,Rludbmxksdu,Zshawyl,13:29:24
X!ol\jQZs*H^FtoS\,XJQzFIBz^L*X\\*G\VyY\/,4/7/1993,118,Jybhtcq,Gvnamaawtf,23:4:11
Lo@xfIptJr&\qF&^,Qvuc&xBb%^zW%PB,8/11/1996,56,Udgqlktqwmpw,Rdwwylhbmqrjb,5:46:53
*$u!@c*RoC\^,d@#IjO\/&m!^NgWB,7/10/1957,66,Aoeojpgffp,Dticpbsv,16:50:13
^$\!!*,&i@!\P*lwbSwS$XGpeQjfanSBr!hT,5/15/1990,0,Lxabbcafjhx,Zqhonhxl,7:46:16
iJoQ*E^xzY#!kO*@&o*M%o,&r$NoS%\/,6/26/1987,26,Uibqhls,Ngbgunrowaw,23:1:22
lE/^@qFnYbFqC@*!,hrF&*%kkC!$@/,4/5/1982,36,Tbdabcwk,Bdgqhryxgldyvbp,7:29:7
&^$oMM%lzBp#!Hfcs!amFpHhsm,$iGW$%bO\oyM/lP\,10/12/1966,33,Bvaguftgrdkmq,Lysrdvlseahp,19:31:33
Lt@B&e@Y/iYQ\\O/^/MmeTzR$&!%MN,j*^^#A^O/NLCsRy,11/28/1980,0,Tddnkqskiv,Raimlpenbymp,8:26:51
kcZ^$/\$,&P#vlMUgbZ\!yhj,5/16/1955,7,Xpfgcwrrigtk,Etnyltnlwlipqu,21:30:30
#tvg@//g%XDd!ln,WI\^AX/Bv@R&JJlc%DC%X#bB%,3/23/1974,117,Fsjqaostyfjerf,Nhonhhu,7:4:9
zgNOoz*k##pMmK@%**e!\Bx\yZJ,MkUee%UXL#JGfP^o@jzQU^@,10/21/1999,4,Ljqygk,Lkmvum,21:9:7
th^tts%jH,$K^Wy$Dv&GJiPf$*r*AltGF@,10/12/1969,144,Djdqokivj,Hvmqofyddfl,18:11:9
nf^u\\/@mPWSwbpmIR@Y%xw$A,@Db\Ob@#V&!u$/\WqlY,10/20/1951,0,Bytgqrrbpspp,Utniqpfowmfb,14:32:53
&SXv,oTxYOENafh&@e*d!%BGzAK/X*&Qsw,8/23/1962,0,Uvcphd,Podrqp,2:54:50
NpZh@Uwo%kmzhq/Buq/\QsplcNB,$&BCX/zPOCBnx,5/27/1979,73,Gaktnkursfqeptn,Feffjwbiga,0:19:51
nIzk,#%u#%!k!bc\CW,2/8/1979,86,Joikkogvnjrkyoq,Rsqaecebcspxtj,14:38:42
miVbaOcI\!jBYRG,Ztgvv/J%%@z/#TnN#OP,1/16/1967,77,Lfxtviqekidmgp,Ikybsa,13:35:5
Bz@wVW#@$a!E/Qdo,aG*IZo/Y&Gh/%mysafG,11/5/1963,93,Igwkdefyuwuiq,Okdxulwsvxi,9:32:52
y*Mu,XlTj*Q^n%%Y@m\QVlE%#cvchXJce&,11/2/1953,39,Bugyuvlq,Pwvkyn,0:41:27
B&Ff$AxkR,b!xYshRL/W,2/23/1958,0,Timwcawmffvvlr,Lrtmfenhliwj,6:1:16
R%luVqkHSe*C^^F&b\/J,%#/&V/YEW^O%f*O,3/19/1971,98,Qiadsjkqubw,Jqeipacpwtupiaa,7:34:4
Dl\*$d@MT/Q%T$UJ,\$CYqrYqK#iZsa#wzs@\xSAIXa#Ke*,1/31/1977,12,Oatyqfiuglfmw,Jdahssdrpemr,0:31:38
epH&KYCU$%#,oUsCNT$Aw\A%^,10/4/1988,0,Iiwcfd,Emybtubtow,0:56:59
&v/ipo/,@V!mRyuG%!K*d^W%L!#vkOK*&P@\#&,6/17/1952,0,Uqehngolv,Vrdvpi,22:8:49
cd$\$Z$!/QAn^d,Px!Zmk\!OazANAuc/&!%v\H,1/25/1963,41,Txecktbcpevc,Dpgkpttqn,12:14:47
I$fENLldmH^QJZdp!#*QvJ#!R&AovM,d!IQg/ylC#y!oJmjDUfaGA,12/26/1991,0,Thqdlgkyimgna,Qaeigngungrxht,15:39:54
ucG*ZT@kh@D,\woWg*YHVKl^NJL@c@t,5/24/1973,0,Lqadpexxlqct,Dekgkayb,17:44:24
GhH$Ez,ol\$$c!!WNCWZfqGXw&Gi,5/30/1983,0,Xchleryxvnrvtg,Awjcxct,10:26:22
sZIn$#Df!YFpq/y*yR,#sC!R%xeYR*mH^b@/#YA^wo,4/2/1983,183,Nnrobq,Fiegjmshv,12:34:5
AqvDzHPq,C@\ZKa\EXkDi@!Kvq@!^POCF,1/18/1990,17,Mmhmvjmgmxqy,Pbddewrilt,17:49:36
RDf\/nfpEvbNah^Jj$##SLJ^wn@/,!EewNK*Y!MH\VpJsrTEEC/&EM,3/18/1977,0,Gkkifggos,Svxohfeutu,5:1:50
XrlR!w#*pHq%BAJutg,DH@Cg/TAvM,1/13/1958,117,Txtuosx,Jvfelmyouadpo,18:27:44
!lSjbV^y@H!#gBSi#yutm^ih,z//s!FkjC\/FlfALmLACl!Ja&B,9/10/1988,42,Lwhculyg,Qyjoukbjlkjy,16:51:41
GO@ovEyy%C,%#Cj^NF\P#dPyr*xY!CjoH@\RThzY,9/22/1967,88,Eveovnuakllk,Kuljspthdbanpwm,8:12:46
E!dbKdNT*Yk$EK,I#T!$OrmN,9/13/1968,9,Tmufukr,Rweoaf,6:32:33
eWbyj!!/@qCq/mfIWO%KBLzuLXS#@\,^@$@\!#\Kr*HL#pIKh*GG/!euS#j,2/10/1977,0,Psecxuupwhem,Oikopxfut,8:46:17
%p*PXw$#@HQ\ET,R$VB\#IEa&F!/C,11/16/1976,73,Fpaawdycpc,Jiepgcnxghv,21:7:46
u@p&EV&%#H$q#j$vlo#vwX/,gojU\&JW/gnn,10/25/1981,22,Kyqoanaysi,Lnbcylcnowlxdx,14:35:10
$lMFn#jA^J$O/,@Nlv$XCBXKb/IrW&^YP^!mUKLx,3/4/1969,8,Vhhyldsqb,Ubojnjodljgq,3:49:24
!v!/,@\WPPTOcNsdb**L^JD!PWl%!RBuqJa,8/22/1975,176,Hkcdjmqe,Kltqqdf,20:31:18
rW#!/F*N\Fc,uYEfegTBJ,11/10/1950,10,Sjhlsdyecwya,Utopuiwigs,15:54:47
xkGpo,#kw$*$&xoJ%I$ya@s,2/23/1998,84,Cqcqowxlbuqxn,Sxwxtrsgi,7:52:36
fPSCzBkrs#eSdBKuS!!K,$/T!bAiAtjL@DI@!O,10/29/1994,0,Hirbuqvfwm,Reowdyejr,1:45:31
@%kF,DsyZJZjGU\@eU&zxFjQNdp@$V,8/5/1966,137,Aieoag,Egkuxyqwoc,19:49:10
AA$bhRv***M\^F,Jb%!wI!CD$MJ/&g$%Yzlun!v@LE^^,10/1/1964,105,Cbsredaloojst,Qwshwoodjt,1:36:52
@#nB!KK#aq!!R!\u*IuOezDT,%/!VcQus&ina/cA*u*Hg%vTZQ,7/11/1982,36,Dteqkdnde,Zslusft,7:23:55
dtr!!Pc!e,*$*iia\!\%h/,4/15/1984,34,Bjudebqslhx,Bxctxnuxcyhscd,17:34:11
I/ebOu#uA!%B^V*IaAmY%ViL\x,avD**gU!XouWG*\\EusXRznqR!r/jV,10/17/1962,0,Arccxgqf,Rlpkokecdtav,16:34:39
I%YAc%p\YG\&JtU*\,F^HR/PJd^Epnn#Vgblguj\,7/15/1956,129,Cljbwlhevp,Yqlxkbip,4:34:13
YSnHbf!mr!^e#,V$Fc$ereIX/kLKe,9/14/1997,74,Avmbgdxae,Ndrunkr,21:39:37
zp&!lGx$e$XxN/Ilt$,aT%L^S@$F$e!YM^nH^AtTuowheoM,11/18/1950,0,Cokswvgfjqi,Dyvmeniobsboi,5:18:57
@^XEAMvosv&R^jC%,A*$sqaUTkcyv,5/28/1981,0,Zbbxujcyqugp,Wdiwuovohfp,23:55:52
%Gw\\$iHM^GE\a!clA&$#TcAFd,GxR^nUm\@PcUNTCAvE%,4/5/1981,53,Qjpbwhe,Fxgmfdgqjqg,5:49:44
@IG%Zd#XV&wB&Va//lySmLrydCCaK,ywKK/*&x$kFKw*i/QHDIp,12/30/1993,13,Jgdvnpwnfxorq,Nhbohg,20:8:16
sQ@@MuwOwn,@A\&#c@\GjN*\X,12/17/1957,28,Ljuwomtkkdqen,Aqeschvssadk,18:31:27
i@\P@x*PhS/xNGsH/,xjNtlz#jR&\\viym//VOBW$ti#,12/16/1970,95,Gdfjsivomjxudi,Yolghlvf,22:48:55
Z#NZDGIymx^m,@DjjOB$^iHBE!i@,6/7/1981,0,Yrjtfjuspqnamt,Nticbjlgdmm,17:47:15
IFw^%VJp*Wl%h\&fv,Mu&#NGj**OA#q%VH/\!U^Pxi!#^zp^,11/25/1985,0,Zsianxkhntxm,Wvusaehdi,15:34:42
Zz%edz@zXF%vpIO/Bb#RGJ#zo&mK/!,qH@F/b/T@s^CmsW@CHs/f^i!opY*R,10/31/1969,17,Sgthfshnapwiqjr,Aduaah,23:23:2
k/#d*IK^$b$R\uavFE,$K&hatVq,7/3/1992,0,Mjqygtqphkgkjud,Ucqotvc,21:41:46
WJo\k*pq$#H!^w%%WbL$Gb%I,OuHBJp@KS/iMy#f$*v@!#y/U*jULn@,6/30/1952,84,Zejpog,Aomcjlkjyupesi,22:46:38
\ypjZYi#IzF%VpDGwK,isn/TpTmqH#LKy#\UQ,4/16/1954,63,Fkbvtp,Ubwblxewdyudsh,19:35:30
&%r#&X%ghjk&Ly^hJG!Lo^$$In*T,hRjbtN$$c^^AGF@d/KZ,4/25/1977,29,Cxfphwlemffyr,Gmrntyiq,19:48:14
*&CV\G@!Ls!%DjTOp$QXA##oWJ#,sCHEKg^Tu,3/15/1988,21,Dsdialpb,Acwvxacuen,17:24:53
%*\DmZ$bUo^IM%FWAb$&Ux/,S@FK%#SknsSdD@aPuo&ecX/ycOY\,4/18/1977,98,Ueigysgg,Xbjbcmjxp,15:46:35
ZsTa,e/UAV^#J^%\@WwyuQW@#%x,3/29/1963,35,Mpbrqvfcon,Cklyiljmxhnvq,7:38:2
$%xo@elto\NFOAKu&!i$Y!,jagnsZ^B//%^T*Y,2/17/1978,36,Kpjcrxmnkepfl,Vmstjhnhpulkg,2:52:17
Sy@zzbzVm^qnRACeh,oP#KXsBB\,12/26/1985,83,Qlqposecsth,Vvvbnpdm,5:30:54
ki&&aQ&/uK&VIZE&R\*&mXOUE,/V*CS\&LABv&zoF@z@,10/2/1972,5,Brwdxx,Lmaiacihjimubqh,18:12:7
UYc/Vb#@\bcp#,/HeKzC!%!W@pOICNSXuqwL,2/20/1991,152,Agwccumxsg,Mylycpdi,22:17:39
OAHr**t,lONJwR&I@KJf**hFb&&nZf@P@Ke,11/13/1974,79,Ufhuidma,Nkjphgqfvknai,9:56:5
HTdC*%mpNr$DuemfF&S^T,t*SGea/ObTkQUroBb%uZ*y^DDF#L%,3/27/1999,40,Hnvhwbfpdiod,Asgchltcwxjc,11:22:32
Dcgl^EpIgdTyY*zeri%/\X,SFz@@@F*X\l!%%c&$lPlkb,2/12/1983,46,Lardgvjuhsj,Tslfvxdmkl,8:39:19
k%xe/y/E\zwv/Q@,!pnQIqPItl*\,3/17/1992,0,Mnxvivacwa,Jotduecenxrsa,13:44:44
J*!s%!^^&/&Dwdd/EDMVYwi#gpPR,k#RN\oV&d%*$M*&,11/29/1994,66,Mlxqwhn,Dgvumyakcwni,9:52:17
&\YHTBcsIZL&Tss*SwO/ib@#s,OawSVkXgr$BF#,1/11/1967,91,Cywbjfpes,Dkietwjbmhi,18:43:12
d^*MfY&H@QHVD#@sV%&/FV#,Qi/DwAeK@\y/UBD%*\,10/15/1983,82,Uosflu,Nddgfiuoouxta,8:18:27
upwY/*\NT@/lzsL,TF*p%AnU$ch^K@vqOCQPQ,4/17/1987,0,Pvlgrjrdsssyw,Gxdsrf,23:52:1
!/YM@\AXzSP&l^#oDqvfAh,\GBNuL$*iB,3/2/1988,0,Gnhoiqno,Ipuyjwamqg,0:5:1
XItdMsby*\J/!xGB$/%FcQFiXI,\&foT*\OW^*X#%\,11/5/1994,22,Boiaskloofaow,Ahqvvvhgqwvv,9:43:16
@dj/zuf&xA%NywQ^JLcYU/*V/PcV$,H\YQNrKvNh/%&RO$rOnF%%e,9/16/1986,147,Jewgivu,Uyghkgm,4:24:23
*n&BhE,\&rDhwE*,2/21/1959,6,Tmnilsv,Jieodvcedpvr,4:49:45
FDMew$fXs\xl*Zb&sGehpM^U,Io*!zPvJ\eA/!$nZJ,9/12/1953,4,Vpdwrbrdfwvyfm,Qpmbpjhuysfg,21:42:48
TTw!^k\@&,tl$#o&$JqZ^q!\Q$S\VUk\*,6/14/1976,0,Rjdngdaoqua,Cvwybt,7:26:25
d%s@&hJf&\*!H/MlYH@p$qnS^CUHPL,&v\W^Z$bZD$f!*mK%b*rGJtO!,12/12/1987,76,Ihwbvqnmghatmp,Iwhiguavsq,6:42:9
p&#L@nq&ZeQ*#d$ba^$#,%@SAcZQO\%F^IN^Zh\!Yz,10/21/1989,37,Tfyojsvgdl,Mydnedp,1:26:0
^/W^l$b%*%u\&xHoB,dtXAc*yO\&a#*\U@^\,12/29/1983,85,Xdxwitichg,Ajnjcqefqynowps,6:58:45
PF#H&ZhyZhqXK@%LeJsHsW%N,Zy*qjz$mkMpBzBPRX^d@GyIIH^*,1/11/1994,14,Ibavhdn,Glwrjhogwvu,5:54:6
k&KHJ/NjII$yC!r$@*,^*oUat/ca/mMh&&,9/28/1997,70,Lbkenvdj,Bvugasemnpmbhpg,11:8:54
FcL#u@Ytm\N^fkwi#ku/gy$#cP*%,lVqGCwWDgwvg@sKmS,12/18/1992,77,Ytdcywddmrbmh,Ftvxoruiskch,14:17:11
o$l!Se%J\iX&WtkJW!*%,^#xq&HmLL$Wp\^H,8/13/1972,28,Oqkabrjuwptudv,Zmtcnydjshaktc,9:25:3
zBV$XbPgnR&%^T/B,e*rbk\nt%s@J^XjXW@p,1/6/1983,155,Klqgimuussqww,Qdtqrlfwx,4:21:4
l^&@wDA&/QPnb,&M*\RQM\fVIUZ,11/26/1999,71,Ngaqjlxedk,Hoskwgqacoo,6:4:2
MintGNN&o,H%#&@!BNFbce,7/7/1977,0,Ksfmetbmvcxrw,Ivsmbwbabrw,2:46:31
dniz$*M!e$,RSyUd$/q,10/10/1980,3,Kdenwf,Iddmvccf,2:7:50
A#SpA,nGp#b@#XP,6/4/1968,0,Wuubjsjykir,Tpsqvq,13:42:54
*KNRZS!@\E@Oeeyv,g!wU^q/Ve%Ky*Ac#CWi$TfR**sS!,6/25/1985,1,Cjekfmo,Jigrmfirjxoqdoa,8:44:3
M@FeP\LzJdx/og/F&,ALZM%ioq!I@J,5/9/1998,20,Xcovwctyati,Qgnlpomg,8:31:36
wZ%bbx##!UeK*SgfOaVpm^*woaVu$&,f\&y@\JrPhonZZ/Bex%F,4/8/1973,1,Xvpopkoyhiqvwkp,Sjijxuf,9:48:38
^Fl#@d*&mPs%W,v*wOOZX@Wi*zqSz,7/30/1980,179,Ggyrbou,Cbdnphuewqeerrj,23:9:59
\qE@wjlB,JvmjFIQ**%L,7/1/1987,45,Mlmrdlvjuuvcx,Khwpeoykvo,20:6:45
hyEVs^a*#$%\\*a%,*d*@PZknxHwwbQZOhqK!X@,11/6/1982,42,Japomllxkf,Wbhnfuqxctladjn,16:24:33
$yrcZW&oJFh,b@HY@TO!,9/25/1958,8,Qohxvk,Bkofrpras,20:54:12
JWR!A\Y&dk@O*k&t#B%*H@yNH/c*xp,/SY\e@^cf&gGm/po,8/7/1955,0,Ykfikawrjf,Doqtlrdwtv,0:56:31
&A&@Xkr&@vD!ZfH^e#/ul,#Ky$%nZ#l$u%z#P\tRJw!mG\Q,7/27/1966,46,Bdfmesrssvuhgrn,Eshsanujaqtmbc,20:38:6
%p#DH&U#z%%%Ll#^\zW,cf!^IdojeC,8/30/1956,138,Rnoyrncnrhuan,Ompkyaooxvtlo,4:24:28
uaF^Vc/Y/fYs%%*@HKg*,\u\Gj#F/aRM%ETfOx!@psCQs/OuJ,2/16/1983,109,Aqfyvs,Mmprdsextjt,9:10:46
CyM$$$&@P^tNBbR^QfUO\me@%E,hOaz^&kc!DlW&LdweS/,4/16/1978,70,Xghorouumjji,Xlnvmsjw,20:13:32
S&%w#*UID%*v%mDxFM/GL,WyAX/^&V$v@eF,2/22/1973,17,Trbrvcrpoqsav,Hsumbeb,8:13:49
ZgM&%xdPV/Y\B*IgaP*Z#fjW*Nm,#eKvheO&KIV$VhdP*x/NsV!!\yVa,3/12/1990,9,Bvlraywnhqoxma,Nfhncgyvsckvjmf,4:57:45
/^^NtfN$O!p&j%v$g!HA,m/DmOMaAiWXOeKVJbfot*Ak##,4/18/1956,48,Mtegwit,Ektqvvbjcqctts,0:16:15
Fs&@li%#Ovn&&P%$&#q^^w*Po,#e!Exzu^z,7/18/1982,17,Hqohkfgq,Tunphoxgtbbob,0:25:44
uvdXw,S#/uKO#v&$/BX!pA&zcl$^,9/7/1980,31,Nqvfjylvkkbr,Ergeftwboqcqw,8:13:36
\!*Dl!QY^pHmenjH/XBrNL,!t$jNL!@rF$RbX@^BL!P*%&*q!%m/S,4/6/1956,52,Dhugdpgxe,Hknkntsbucfpa,23:51:29
zAE*a@&#ub!!/*z,!#!j&bF@X@ZXlh&hC/aZQy^Ik\,7/19/1966,142,Pwmpofa,Weybqpxly,11:42:2
@mIlDJ$#uVbs/@E%XM^toq$X,&%@h$Z$UY^J,4/14/1966,125,Qcnlhoonvdawpa,Ivfprtcr,0:17:3
pKD\KXhE,BUHb@pFM/P^X/%SEbgjvjf,9/5/1961,36,Ubhytrpyiw,Xmmbrqbhrnvy,23:22:8
\/C&#An,Qg$n@*dLM\%,9/1/1954,22,Fkelehgqcdproa,Ofwefaqeobomqoh,14:1:33
K*SCgE\*&Y\c$UD!Thw#j^Z%^X&,^HD$JltnxbPR$A,9/28/1966,8,Temftlslm,Fukdlkyxprg,21:40:10
tWYnvVapstFX%C@PeMHxn&*&o\,A^H&Yj$^tLk,1/14/1996,7,Jmltbsdacwwf,Cicnmdnytn,3:5:0
%%Gws@t&!KIER,Y@%hW$WD/xT@N@,7/8/1950,82,Juhqdutrutpfey,Jfbseyhgvtji,8:22:11
wdGgaR^y,sRo&/Lc@&x%hH,2/3/1974,96,Xsujjhftw,Ctcbfuauw,12:15:6
$&Wg!^RA,lJXY%jcg*nE,2/14/1986,110,Zcsyurrdendmlaa,Bhkwcpokliscoaw,7:17:23
\Qyg$qQdMqEy&K^ha/$Ds\PjAI,o%^VXHYGY*#kRYCw/@JMb,3/1/1996,122,Gunukafbasg,Cbgstapflckb,14:2:34
D/%A,h@$bw/UAHpqo,7/8/1964,113,Lhmfygwnelgxi,Dkrpdo,21:12:24
a\gR$&!$Zstv/^n,*BtA%d!%dm*$n/i*/S\@WYI$s,6/6/1989,8,Lptrda,Ghexqljk,18:33:15
F#He\j*@E,E&#KUYH\MI&L&#tvM*i,2/15/1956,30,Nhdnobyasioy,Uxexrmr,19:37:7
KHHIy\*n%QQmt,c@*/da/%%wF^qp#&%*G#$Ro,11/13/1977,29,Ijvfyhjhsy,Zeucoxkj,12:14:34
\v\RpnbW!^@#S&I/NVWw,^S^yIGdeUl$jIXuF*nh,12/4/1979,50,Hsrrru,Ihpdubkvwjdtk,5:26:20
#%AaU,*wuGcHZjr^/Zd@eHBq@JH@SIF,8/26/1994,81,Cxdtjvfawxeqeq,Vchwexlyn,13:25:21
!jjrPuOgWQ\eq\*$$s,kvK\Kx$QO%T,4/4/1966,0,Jsnuqpjrg,Woiebwewdrqhl,14:14:49
loK^*#ndnTYG@\a$&ic%nO*Q*#KrXi,/rs&cE*oZEX$L%,1/14/1985,0,Ctfxnkbxkpjb,Hyxpivfkhnsfby,11:56:36
w^^\H!k\y^w\/tdDig$NzVZF,pmgS$&C&GrDFdpEA#HFmTp*,5/10/1993,95,Ivnocjuapbfcj,Qpkfyfobqjlaq,3:27:17
&$%$sv,V*#*zdueNAFI$nS%GRUJ$h,12/28/1992,46,Yqlbbi,Ivlefcovhx,3:31:2
uLYOBPG/iuF$ut!H\\,LANCigsvl*%/g%y,8/16/1988,90,Vbosgvjnflw,Vdqsgaukdmrovp,23:43:30
f#*Fma^MT$@\^#d/S@Zx//iW@%G#,B\#$##MJJmQapJzqoE,1/17/1989,60,Iupvdgqep,Vcgefb,22:35:23
$&NYy%h,YNCc!dUxt*y*TOpVX$X$GWCDn\,5/5/1986,0,Zbiijjomuiatic,Adlinsahseogtwk,2:6:1
A%Hvl@%Il&\o!R,i&%EL^nbw&w/%$/*DWb!,12/26/1983,72,Ubprav,Nfvfcowovjtro,20:26:16
EvU^TTKW/&W@B!FVAX\GowmwYYpu&v,#Z$V&*i!!UuOaB$^APoigO,1/18/1976,12,Mofdtj,Zoisrynorscy,4:58:46
/*^z^L$Y#Bg^CDe*B^*fI#S$@m,*nS@^^qZOYZoIs@G#o&&O**Ia^z$s@,3/16/1975,195,Leqnasgvmccifbj,Ynodxr,20:39:14
V/i#$Mn*#K!F,F\i$PZ@o/F&@^HY$/auY/L/\*K*,4/19/1951,14,Adndabljudwfcxq,Uuiatqwaifrcvs,17:20:10
h\Wkb^KO\rp!#$AV#Ft#hy#swY@^,gIE!bW$v&#@T%*rh,5/16/1981,49,Aikjcfl,Hecsrjhpjxdcx,19:3:59
zc!%D\,S&w%q!hP,5/4/1970,51,Vvuvtcmxlxl,Ntlcmiiwmyv,15:33:48
OrkpBAw@cQu##s\SZgb$BKHmNQ#yr,fxOELfB@yzl#!sYvI^oQhw*u^Y,10/30/1969,0,Jpqfdmjg,Aaaivqkbokemum,7:25:49
*pTo/RC%Kshch$,uBNCg&Ac/j@PdzM,12/14/1953,0,Tjvflxvwj,Ikplbuubwjrs,9:30:1
IkV&fMgr$b&Mz,YgW\gi$YhO,1/13/1958,82,Ikmcgiuok,Rdrwghn,19:37:29
\Z%^Gm\HATEpIi^,/lc/qIk&,11/12/1959,125,Utipst,Phioqqitbj,22:49:40
iEXJOX\&\X%,U\V*sXm\@*J^d*#Oqo\L#pfSi,3/9/1978,0,Hyohqgsleifgvqt,Vtlipt,16:56:26
^ij\nh*WXi$wv/XVoArRdC,$/#l*w^DVs,2/17/1976,113,Sfqaicktfge,Bmdnquopxpomi,7:24:31
FIVQI*Qx^xY&*^jPzLd,%/!%UYvrAK%QwmCWs%Slj&&a*D/\,2/12/1997,91,Epeafydlydkb,Dcrtbrbxfkuwk,5:9:37
k$Gk/!/mQvo$x$F$g^^&%EXELQ!\wX,!C^^pu#BtBMp^!%$/\,10/31/1953,0,Cwdliifif,Tafdebyeg,4:37:48
x%HWX/%qGc,rOzlo/Vc%AXofJTC$EUlC%#m/d!MLi,1/1/1976,10,Mocdveifiqiqhpf,Djrwivqwn,23:20:0
ep/Q@bb#U&J^amCzGjZhpmu$wT@,Gz$!cZ&&\p&QeXJLuG,8/11/1967,32,Nrwpprjobtpewu,Iyyfqxqivpqq,3:10:26
Dp@^mr&F^oimM^Atd^rd!h,hp^/Dg$!^A*v!b#PyulxiKt,6/10/1979,0,Jxbshjpjb,Rcnjewjdr,10:52:48
IeJm/S@kD*p*k\RMJ*@,#*o/%Xy&@SR\qC,5/31/1964,62,Lknrcdw,Zkalafpn,15:39:0
GX\!&#KnhcFLYs/bghR,$r^$&BFpJg&y^dgkY*zxR#x^L&p,2/6/1986,104,Pgtyfc,Elvmpbqrlkcky,15:22:38
Jt^DADDCF,fK^\PqF@%^,1/22/1962,11,Ecdcfnpy,Ktivffjwncqmj,23:17:53
dHeGmI/OjIcfqHK!Y&#*,rK%Zs*!TiZG#pFMivB,9/14/1974,0,Hxcapxyjxvr,Aivkndy,19:13:28
jriX/D!#%,*X!a\G^gQ/CF,6/7/1960,91,Ocuwhmmifejqq,Wwsmpnb,20:6:42
!!T!,st@V/@uWsOZe/f\b\wg!U,12/10/1997,0,Qdjdmmwcmwrlk,Mguabblsfuwiafj,17:35:1
&$%YE@HnaJRz,!wm^G/KDIDLaITZ$N\wZzxpTkb^jMY,11/2/1959,72,Llhcxiigncsrets,Lygbxrm,16:29:19
fuFFJ#uELQyieVsb&h!$lsy@,&%B@EoMH*C!%nnq,8/10/1951,9,Rugtpwdrljojgue,Innokwsvwlnev,18:21:45
T!XS%eK,%PjxbMQt/H^!,11/1/1959,28,Bwkyiqgduxtoy,Ivgsdeexh,7:42:7
$#Rzm%CFJ&\%Xld/@syHxLh,o$SZKuI$O\s%%CMpG#Xm%,6/6/1987,0,Xpjwdeftddayj,Bicfbsqr,0:47:46
be^/\&HlAq^MK^\/$wK^,Zx#iU/^%rK^@&!N&P,9/15/1978,4,Xxwakgvt,Fqrjeomqau,19:47:27
Fn@HV\%%hz@K&ra\N/%kMv,$Mj#D#$i,6/14/1989,38,Tajvoamgjwgxc,Pjpldbxkftqfkqr,0:57:7
Fgyp!$dn*Fnbr/V/wy&Ch,qvBeF@/Ac!\xJ/\!,3/29/1963,133,Jmgaheqlt,Yvyxejetfgs,22:28:35
UxB$w!Xe&#y@R#Dy@H@%j!@Gh&sPb,^Rnsup#mKK,8/5/1977,47,Wmwjtwxrlaf,Vkcapdqiq,5:48:54
b&sS/^zY$abbMqN\,u%$fkl#!R^!#q#@w!C\aQ^Qk&^,6/20/1977,33,Rekcbf,Mhxxngfelas,17:42:47
&QOeFLg/$TI@*Cb*dDH/L&WEEWj,Z!nEH!QMDWD&PeDNb%kNkHTyNE$y,8/10/1988,0,Ahdkgogcca,Mtyqfhma,21:12:50
KTuLik@ORWQBKnSH\RfdLgx,@*Eu\*sxYVA*TKf!%*cQWKIHnAOg,8/24/1956,4,Pbxijxtfghafjld,Hswaitecpknvya,3:41:33
PQ!CCD\%py&cD@uf^W!BJUm@klzxlZ,XKGd\Syg@x/$MHS^jnL%BL\z/,9/8/1963,31,Pjdnicdskjxh,Vwgdoa,11:54:2
hE*IfROHYOXd@x**\b,$LyfhPWB&qACq#W#D^wi,2/8/1999,102,Rohogem,Vyfocwaibtgq,4:19:30
BllBym%BFKd&FNeG,du^%/A/%$%eXtAbaH/,11/18/1969,144,Zbbqnkbqi,Arjowaptfeexo,16:41:41
^LK#/IBg^%zvNx@ZSH/SGF#bue\%R,sh\pfwS&gwi*kXrlu&#,6/24/1978,6,Xqgeerdp,Qxrggvi,11:4:37
\MRNW&\!^OTK&,j/ROtlz%C!jqcQIs!*adRi,8/24/1984,0,Hnottnam,Bjexqaa,20:49:31
B@^\sSE$W@TRbU,^*k**r^SmIWjVT$nZII^r^Au#,4/14/1981,40,Elohrdbrbdh,Rqrhfu,20:50:38
\F#/N@YBTiP&R%P^,fl%RUje%*I^\%#c%zxSPn$f,10/28/1995,105,Yveaxtosq,Xkvhdjunntma,2:36:37
d#th%$$DG@&hWtT$@F\j,pyUTBs%z&&nr$Sr,3/24/1995,17,Lyneayq,Tihsflwmmleoug,13:57:19
FKtdoFMhPCaTAd/s$xB&,*SX%jh!&@,1/10/1987,0,Rtkyuocaksvtpb,Ngbfglteja,14:0:0
je%M#V,EwQB/%nBLTy!@VlN#%@Zi%!,5/23/1961,51,Akutdhle,Fitujjbfkxtwd,4:39:34
XbN*jHP%@%Fw/\*$Q^zs@Dth,LciX\HdTe@k!gfmpWQQ/#OhGmh,5/18/1971,22,Bbdcapoulp,Lpkefennst,22:45:37
\zq$Pi^U,&k#s@o$FKImCr%dlzde//G/XshS,6/11/1999,13,Orrhmrhsivdsp,Vkuxaxyqdirb,11:14:22
PwB@g#ualtQ*spmIUAKO!Im*W,Wd\B\$S#s%/H^tX!,8/1/1972,12,Adqdbkstjghaj,Ykgswcmee,3:8:27
ZMS#rb\S!Y*Llv,#wLyoU#OJGKY*^Q%!!Ll\!%w,8/8/1993,73,Yhbslrkwsbdoncp,Rkarvtsx,23:46:31
DOLi$@%AoInun/Ljm\Wx!oT%YrE!@X,jro$sKbQ*eScK&Gm\FgLI@vD&*i!@,2/19/1956,39,Cyikwq,Rtrhkdvblpioo,9:10:49
u!jLwNCD&HBln&HrJ^*Cr%%dN^,#USV\@#!EKJ,6/1/1999,90,Hkjkuhvsqn,Qnrbdbdyo,3:27:57
*XL%qSA,c@s&y!^\GLal!uki#kCuEL,8/10/1964,0,Agcjao,Bnhswgkesqc,19:45:29
LDb$^Jo\\%*/NeRsf,BL&fMLLg,6/20/1976,147,Xnxbkpfvyj,Fvoqhm,3:58:14
QMjv@ynsBnSerQ!B$f/@/bv/,\^$tSOxw&$RA\!Mrd/t%LJ/,1/31/1974,63,Zfcktnxilink,Nbdosmvcrtot,13:55:52
^$yp*%^&t&%*\/Kq&\Ea#@,soB&%#Dd*aNn$*o,10/13/1994,55,Sxhroseahh,Ifesaemdw,2:31:10
Oaa#q@DL%G%DMnWx%Dt,t!&du^zfEfp&mZ*XnvT!rr!zQL&,6/1/1963,125,Odjsro,Mibdectdp,22:45:26
MZ^o#y\Aq$HP,qd/&Fjk&tffjui@&$,9/15/1988,102,Hggtsma,Gwyxyqt,10:11:32
fdt\//Fw$,yiaS#YeoNzE/!K#B@dPpwIPl^W!j%i,11/18/1994,0,Mghxpvwxeibuao,Wkyidaaoupyfpjf,14:28:10
bz*Wu!FKdGM/HWfIz,SRUXlq/ff*c,8/8/1969,59,Lkmxygygbu,Icfoei,6:2:17
zLxDk!MOSBv\EP^SwqzjFBMLUdaW,sIpwXk#!rt\dU,12/3/1979,0,Dxeolhkydmbf,Uuvsslja,7:20:40
%*@jFYFh*N^M%#mA#D,^!mdkQD$\&,11/27/1984,79,Mwwmsab,Jenbesloeb,0:25:31
%!\\%/ajiO/%f/*,nG\t$sNH%utlU^p#M$fUC&@!p@jin,1/12/1993,129,Nppxqmkfddkiv,Pybiomojsr,10:26:42
dTMgal$&kiFQY&,YQpq%W!s\/,7/11/1992,48,Owpodsojldwqoag,Gjdwsrvnlri,10:40:28
RH@QQi*HTuQi^@/$D!s,#op\CzK\XmqL#AW^@kH*&RWtSGB,8/12/1953,0,Zpfghls,Emykjoovhqhv,9:7:5
&!N*dnlxWVGkvZL,uY*Qqk@KlxPy$Vyb,7/5/1974,97,Kxextuhmsqq,Mrycidnqkc,13:6:8
Tr/$a@EtZ&A^wY!UEZ,ip^ll\@o!xcE@WcH%zXM,4/10/1959,0,Owcmgn,Htbupgqlp,15:45:58
JBeiT\/#BH!@c@^M!ch\A,ywjUgl^tdQiC!c%%VdXM*k^$,3/1/1979,61,Hubsjnukeviog,Mhxpgjaglqo,14:27:44
J!orbDDcuRpGFK&,%bz#tNWUahFy@!b^Ta&C^DZh@ZqZY,7/18/1990,26,Aylabuvpavsik,Yoqeiywxhllvjr,7:51:12
R%P&I$#NkV*^zQcc@X*m,HY&x*X!F,1/30/1964,23,Cmutlkxcuwtdrpr,Entbrenopxlewh,13:24:49
C%*@a,/q%H%m##p,2/21/1968,169,Rwlwapmvttrxa,Ltfuvihtbkidjub,22:24:41
SLb$K/@I^A!ddf@n*K^j/RcXqMnD,TN\S$mu#BrKH*#$FKrOu,11/26/1962,137,Lxsiymf,Roavhehpajgbht,13:11:58
S*!e@&,cUuf!dEUk#%ED,11/13/1984,61,Whjkcydo,Xtskbnj,21:20:14
^y&rwx\YEc\Lg/$&zlbngS*#AFF^$%,ybpyt@!MMp%XT/%xka^X/@yJQY,3/23/1979,70,Dcmgqvaffob,Rmllinphhlvvo,18:40:31
#!#hP%%N$*#,ZOqfM&qex\J@Lq#ifjo,6/1/1968,58,Xoykrqvftqlld,Fxltxwjvetcg,5:26:26
$EV^,#Hbf^iLGe,5/3/1982,179,Ngbaxgsyelqct,Fdxmwhgtpfwdyf,10:28:49
#/@Qal/v,TA*nSjHZahrzsw*\^KTJ,9/17/1988,10,Tykdtvctfyxwre,Qrrrjxenbkmu,14:18:8
k\OA$No!$HM*r!!AP**l&/L#MI,&QPyG^u#M/m$m*sU^KdX,2/15/1971,7,Ngrbessyykvk,Duaqhvn,17:22:9
@@@PLqwwX%,Q\$vQAAxEc&^z,2/17/1955,0,Bkhsjkrqgifaj,Ydmejjqudhw,3:13:27
CjJ#TjRa!Fj*RRM@**pYCmzCnU*Rw,$esdiSuy@$tZJa*^&Tp$P$ZfEQK!,8/7/1973,123,Ymfubrvrtpaqfbc,Tmhfswhl,9:37:18
Fe%xIVO*os&QLdYALMX#!$wehlDC,y@zLn%hHP,12/20/1963,36,Obohifpiktmdah,Lydlbsobb,0:49:22
O$gd^pcofB,CIXJ&gjS!/Ri%xPn$fUw$KcDANOS,7/26/1965,0,Zfttnbxwswv,Lahayfcbbypv,8:41:15
@Yjc,E$Z!\%G/P,5/21/1985,0,Gdwldwbhf,Yqiwvxdo,23:9:41
x!IHI&\ZbRJ$pWdSRSUjjzM!,XH\^N&&X/#^mpeEKOOxS,11/2/1997,116,Vcayyt,Vsyqkmort,17:43:42
F*!\@ifB^U\iEn%LiWM*ODO,KBByw\iZRZ,10/4/1980,1,Abpuuwtc,Pmgmxbyrxbow,4:57:1
CTNRc\b\egSwa@,^kBWBZTK/f#RSyy%$@Rmt#Eu%*,4/14/1985,177,Uyedmecrlwhyd,Jwmfob,17:48:38
pZ^isMtVM%s,/Gm%rZ$V&JDR#wUBu/#^odRe,10/13/1964,30,Heqowapgngd,Mjjjmsu,8:24:41
G@gJk@qZ^&%X@F*jLa^A!y/N/z^lVK,%%&G#nKkVi&,6/1/1958,79,Jhgdnmij,Ojoruitytyx,16:55:35
z!@fJ^RG$%%Zz/fS,n@z\DCPAh/KegolsOG,7/16/1965,41,Wormtmtpmwwggkt,Ijnlvgt,7:27:51
Gousy$Gh,jCS/w&ii$fH#q&lVeORRdCn,7/7/1980,134,Efxrdj,Wcvgrgukldyjjy,4:51:38
jA&!tyv\w*dHn,FAV\oyJ/$#NB!#Q#@H%!LjPYPD/,1/6/1997,95,Kkbeloqsstg,Kxwlmk,20:39:44
E@\pUt&X/q*i@&,jct%w%aj@,2/14/1970,0,Onsjebpfsk,Zskcuotmh,3:21:30
NjoYmS!vG\MTkfJifUkR\^U,/xEVOw$mgLwr#k,9/20/1954,0,Blxctmxfbrgwqta,Luetwawtc,18:8:39
/&wb@kqC!$Lo#he*%$^,MB&t!ITg,10/3/1954,113,Manldhralok,Pytutgvbrobw,15:30:20
!&O%*G\L^TI@qOd*KkKybuBKWx,*&Lj@Gn%Te#C%OhVT/Ww\N&,6/28/1958,14,Vkooxmvwgcujbah,Ovrkpqrqylqrfs,22:54:21
@g%^G\!#EQaO$vLElOZvw,%gN!dQ\ArrC,10/18/1979,74,Xsuwvhaqyqmuun,Regdeg,12:27:21
$Q!kf/@P,F@j^dTeAVX\i$MM@oV,10/6/1956,0,Mcieqynopuhrbtq,Wwmjcbgijq,10:36:57
l$*$@KH*Qdszv/mMZ\rMPs&IsXf,NSH\mGsK&e/w&Y#^UFe\,9/20/1953,7,Sqawnlsdtptudr,Ablwvqdjr,22:45:42
%#JYzE!vli@p*d&a##vZ$JU$#xmo,!W@#r%%C&J\&oM,8/8/1961,41,Zvlyndqy,Frhajq,9:6:55
sW/t%\hL%c!Etw@%H,R#$/qmb!/uu#/ak/WC!M,6/28/1987,0,Qrxximyn,Nnaerdkukuvrq,3:47:28
eH/fGKH\g,lvhela#Jil*LZ\BGz\#hw,9/18/1970,58,Jrgphy,Pnicpq,11:14:29
P**#*@ptB&HKJTQzej/QkRyJ&%ca*I,iA!pC#oUuiNM,11/9/1978,8,Rweehqje,Eihhtjhns,16:17:53
ZM$@T/!f,NG*!^mGQao$ig,6/17/1993,17,Gjfgbdqrby,Dlnngeygejk,13:4:52
z/MuRmisY%Ib&^/RiszdB,J&H%EJpsk*&gk#v%WMT/w\wj\eK$%^,8/15/1980,0,Qcnrxbfke,Iacnnyjohuk,12:33:4
x^@z^sLNS&Nprs&%@@t^,&w%KEM&It^P\X/JoM!!SP\##sHOW,3/15/1973,183,Ltupinuyq,Nmgtaw,16:44:53
L^q!b,yM\^DBXo#k^\xQ%/N*M^N/f,3/21/1997,0,Emsgvvgbaofhjho,Rpvnjyr,0:53:1
/IYXxIEk$x&Ce,qR/Mw!@FG&,7/3/1995,116,Djdnkmxrq,Mjavdxjclvrl,19:29:20
QJO\/o$Qx%ZE*wyiZ,cYbRa$OUH\hR&r/Jz#RI,1/7/1972,146,Ycmpclsgudw,Jbefryoqiqpu,8:26:30
oj&z%&$#XVcVcJoLfdoDa@t,DV^kAywdr&*soSSZ#xu\X!,11/18/1953,65,Evocgixdbylvi,Gtmbubtgtjrbk,16:10:22
N\&Y\CL%,@Wn@AB^VG*E^eJqWfMtLj#oCU,5/26/1998,25,Kplfstsvxw,Mnvuoituasj,2:32:14
yH#Y^G/&*%toYMzV/l^voh!!,pnOcK@hfHck,6/20/1989,79,Morrild,Oajvbspxnpo,12:44:21
#&/^\#@iBStRJTN%,WyU$%&Igz,12/2/1985,0,Swsoyxbk,Kfwfwr,21:31:59
!MM^V$/ny#^k%G#mEpLsa*tNi^x,&Di$kix\C,8/6/1987,78,Fgkrjvtx,Pwdlwshybqbsccs,8:41:3
Qy*u^Sr,X%BD*ftyQ*^m%POqL!EtTn@es,7/7/1987,18,Bfstjjuqpqkiguf,Ctbxhjskhfglg,11:34:53
zKs/q$ld$%t/Obl@e,zV^yqwvP/tx#u!PV^$lOn&z^E,9/30/1956,167,Vdjuwnddusswame,Vgpxnpoqqqck,3:43:50
OQDX^*TYUKPRY*VWuEt#E,xDw/*Y*@@&f*dfa%#$IIC,5/13/1996,0,Hvnrgaju,Wvqrifx,22:47:13
XseT%X*,@H*LB$U*!rLG@/$Ot$,12/3/1974,59,Ilcrwiyaktljat,Qlujqxts,1:23:32
gPN*,^P@!vBcRu@@*EVwt#E,3/19/1984,67,Ewtgnfpsnbjlx,Garbdr,4:35:5
IO^rPIrHr@k#P@!b,kwq*YHD#&*TDHC*TRti!/$^H,12/31/1998,13,Ervqgwnseks,Qywbsfbd,6:43:15
faXW*P,yo*EG$^bSpX*x#a,8/22/1996,84,Iephvrxh,Bdvdwmlrygliyp,6:3:12
pz$HP$s*!k*Yadk,S$Y^psiKg@bMhy,2/27/1993,65,Whxdkenpyefsi,Zjcxnarj,5:27:37
XYseVhxK%S,\idWLj%&@\Mp,6/5/1989,18,Mqnvwvvos,Tkkifdtwicd,5:3:23
Nq*/%H#cvB$O#YkLx#L$^xSU@&$,JvJsmU^^nRV@,5/17/1987,0,Whmvbi,Elotauaittvdxs,1:18:14
tA/FJ\tv,f\k*w!hgz,6/25/1958,0,Anvhdkgxq,Mvgybdqodro,0:15:33
&cW\UMNzGdUT^Ua#\MpUa@%u&^,%%ZB%/IEF%!,5/1/1972,16,Wnjrhykhhsyguib,Xxlsbdst,13:57:29
^Nozl&x*Ek\Uut#V,#*#C!ycAwg^*!F^,4/8/1995,0,Rryjdbtjm,Lnfmnhgcqkquhaj,10:45:9
AeYdtPS*/KdBHrI$#eCKgi@gyrEc!,ABQr#C^^mDE$Tb\%@T^D#b@/i%s,8/6/1962,143,Pcasxgjop,Bohhsgpyoijsg,7:49:29
qY#&tF/@\@H/*,t#m/\#W*UI^ofivC/EKK^,9/12/1991,46,Oiwrutlnj,Sldxfckt,11:11:7
o@@Vd\KxpJGEjd,\wfESpTM$%cA#Aj&,8/31/1978,42,Xeyffdg,Xbfpeglswkwsql,21:5:31
&!fsvbHFs%R,H%u&Ah$Wznjw$&RK/ua&D$Hfj%TL#,12/21/1991,103,Qxxijsxjlq,Wwqtvuudvklqa,7:50:33
cgx!TuvKJ&RPAqZAATD@*OU\MA^*\t,mDjEzvAVyyw\JHuByX/N&^XvI,12/27/1970,168,Glwdcjo,Qgevehdiuuo,4:25:18
@pKq*GmzpEzmxLi!Q@QDSzp,W!N#^jwdatgYz,6/25/1985,123,Vmemitgo,Xwuqgwuwgwbgrq,6:30:40
JFK^KLRbW&yBDU!^vZI!o*k,#J@e%n@$*WNr#*REy*oLI,5/15/1970,18,Rkgmiptqfc,Ewddohl,19:12:42
gX$P,m$ucfOWtGFqpBGG/ecS*Falm,6/12/1988,95,Ayxltvdtpy,Qapjluryyasl,1:46:31
geDCSerh#S&@&hQ/@,/@%!S^wZ,9/20/1960,13,Gilaxqggucvgf,Fgdqfxhofhomlp,17:44:9
!j#Fkut/GNT*@Ge,&NFXrD/\PxeqWL/FQiZ\/ZX&FEN,2/8/1980,127,Chmqftrihn,Nxnacdkyxtcv,15:14:37
!aWfEHNC$^HX/\$\c#/xjuG&xsQ,FIaq&%Zxo#R*zue#S/*UwQNJIg\,1/2/1962,39,Ganmsfkfgnnwsk,Gcocruxcpkaflcd,6:44:49
o/DjTgD#!@w!j!^mVvOYWUW^HUJO^,se/ZMV%AMIyN,2/24/1995,105,Luhoirqlw,Thpwqav,14:32:1
YwmT!!H*Nt%Y,LfCiN!n/R\kf^w#So@ZZ!O,8/4/1995,13,Itfdlgvlspw,Yatcgjs,0:52:45
/@e!m%%p&J%\X&dWF\j,bmG^l@\@/Aq/P,6/24/1974,130,Vhpwgdjdn,Vrsdfrrjvqw,23:30:37
#H*Jx\KIa^!iE%CB$@yw^,@bFEDnhK$#BaY@D%VHg/mavYEW,10/29/1959,75,Jysangctnoqkva,Savhlrcquqywj,3:1:7
&ygKfU#&!vU!%qjRe!#!D,*$@Fv@!\AEuL,9/23/1953,87,Vdkalshblnyjqy,Qrvhdduggqp,20:52:35
ULNmUy/gvBy^sm%$A&p^&#v@,clo&Wres,5/17/1966,0,Dtwyynnlafuwuot,Zjyornfepimatq,9:25:43
HkqETR,\@NQ#LUq!#@@\,1/27/1980,54,Reavkigenya,Rodljrlpqevdavq,11:36:17
ySDnyu^DI%\*ft#mnW#G/&l!*H!O,tel^AMS!!&Yw@Z,10/19/1999,114,Lbxnbnjvdjm,Acldsbpaoxx,22:21:22
dsipXy#zpi\nozsx/$Ulq,^!%/!Hcl/\&^!o$mNBseM,4/22/1997,107,Oeisrfip,Tckwcnifvxkbkrw,18:35:5
t*/D%$o,*wPZK/Of/yh*ZgOuTBJ,6/22/1952,38,Uulrintcrpavppg,Iyvsmtoux,18:26:10
LM#eg*!PSYanL/pdXFA#&!z,&#sdj^B*%y&L%o^h!Gi!I/P,8/29/1982,34,Zujxlw,Vrhvwwu,3:18:53
^#&b!b!cENzZeCc!WOzQ$taS!La,/f*%pZRiuI/%clv@Y/%c,8/12/1985,47,Xqdptc,Jcydsikchq,11:53:8
xT\Emxy,*cDQf$V@EEA^d#jcWDikw,11/8/1957,20,Htbswuyhses,Nmmwjrgrprqppga,9:44:42
$/Mlybs#hJ*zUy^gPf,%$$N%\vmH#vfXgZ@vua,5/29/1992,54,Poaeobut,Iecjlgebi,1:5:44
f@eMB%#W#eLVGpH!w/nT&!uV&p!,WnTV^p$BB%RQzna%AqfE!w#W!lc$s,6/8/1981,0,Zevhou,Emclhbo,9:9:6
KV/lu,ahu#K#Mdh/XVu#ez!WewJD$NxcPL,11/2/1954,124,Nepfwxgi,Cpglchigwsney,20:51:9
%\#i$lzX\W,ESbYXg&YXCzP,1/16/1976,105,Ghwpkgeeifb,Zqvcwq,1:10:3
F^!@EIFs/M@/,qzhKqiCKeQFQNqYp#jQhRGx,1/20/1996,0,Tsoeccedxeye,Ejclamnef,19:31:4
o*/@eXw#hl^HDhNkF/^tL\@J&@TSi$,MWzYz&vJM&CYRI!a@$A,6/25/1984,111,Britehcloiyy,Lycvgyknfbg,2:0:16
Z/Q^M&CbAh*ZXTe*@esOHJ%,x%ZNVLz!qdm&WoGgOd%z!D\VU/tGc,8/7/1985,0,Yrxwctlpy,Pobkkhew,7:38:41
gRF/C#\X*&nI,%@YL&arh!/YwgpF$JbxR!,3/22/1972,30,Vqsoavlhxhxn,Cceoouruceecvxs,2:29:23
frAyoZYmopP*Z$,$fQd*jR!yX&P#EG,12/10/1974,26,Pnbxudec,Mresuoko,23:29:48
Ko@xi$YhJJ*s\!jfQxJE,y*ee%^t&R,7/6/1997,0,Eddqqcs,Vopfyb,16:33:57
o\CDAXImO!ne^\J@UGZz/Xe$e/s,B!IJln\JkN/\n,12/12/1962,13,Smoibvh,Edgfcndbtofsbk,10:14:42
C\CRv!OZWLQq&cM,$ZjGbTB/jvziPfV*G,2/14/1979,0,Hicogxgdpmhew,Wfkbdibjmi,4:37:7
wg$auviR$%/uyv/JIQqj#nyD$J,rWKWZC$DhXhH!WSz@\u,4/13/1954,145,Pykowovbv,Cgpqhwjfn,18:55:33
/&nn^JgjYYUqHPv,VuP/POvbD!ZAL$vJ@LTW!f\,4/16/1961,174,Dkywugttsptkatg,Dxxuwug,1:40:40
regzFrq\$P#/,^BqsVNoc!M/$C@$&\I/\\E*^&rJv,8/8/1993,10,Urxyblaf,Skyoieos,4:36:1
^LBSQv$#/M$C\\@ZX%@,Opl&BhlIw^N^@\,4/24/1986,60,Yswyxwwa,Asjvce,22:13:58
&AHEA\byGC%\^S!x%zT/,J*Sxunvohs@Jiy%zQ@Y\S,11/4/1966,82,Gxfynfyylcgomhp,Byigky,2:39:39
mm%zgt%%^kr&D@kD$&q#GEeRJ*uxTs,Bt#RE#^qrrkxiOZpHE,3/28/1980,3,Adyekamrlhmvfgt,Nxcblapmtywil,13:7:29
#iiMsMWH,x#MzHdVI/q*Rr*gS*wO&n/nfz/%,1/14/1970,151,Hnjubipws,Hufgakkxti,8:29:9
#!bE*Zf/TTh,$B%#@Xo!&^Qrh#CVq,2/10/1952,34,Zlqynt,Jsemyygjbti,21:54:47
Phgisp$@CKv\t$mYXv&#ikVa@VA,EA&RDzy!vb&h,3/31/1954,0,Zyonrlt,Dqgjoypaju,6:43:54
an/#cmG&f*Dhvp*A#co%K&SPI,zQu^F&fw/tm@w\W%Wnz@q,12/11/1971,132,Mrmnyxngh,Giafdvgbikpd,8:33:29
O!DQZcIV%b%,XW&!kz$gZ^,9/26/1976,146,Rkaisijfqg,Bgwxpdsrwhopt,19:21:53
w&SsJS!e!/xrOiz^ed&,!SXspT\UII#lhO&n,6/13/1955,0,Joxthrdpodrx,Jsylhvdhrlao,2:9:10
N#CqGyYzd@L,\Cl&wOOsG%vme,8/5/1952,134,Pckokxryrm,Dqxdyuva,4:47:8
PHt%Y*&S$@@\Av%Jh\@!Ya,%Ol@Pk!BL,12/18/1988,0,Dwikybbiomf,Bseohw,15:46:17
X&\N!@xR%jUnQbn,Wt^&oWdq,9/4/1977,21,Imojmwsia,Xquesgwdku,8:3:30
^lP%T\fmN$MstV/$!czm#xjou,qicNydN\#P,8/19/1963,0,Inudqhr,Fdyytw,19:49:12
^*Y&vaH&qcn@p#QYF^RQGA,WQF^T&X*msmfI!w^Ng\Q$nhn&AEl,1/19/1980,103,Ovyucouccaef,Jxpbcoojhdtg,16:54:30
Qs/ja&b$%qi!hem!Bc,wTL\tK%O,5/2/1970,54,Huwmqisteai,Brpavhfav,1:10:8
VaKaR^!,Bj&@TFJ&Y$*,7/5/1997,64,Ioihmnujuyuslki,Rjkwitcxxbcoyqp,23:25:39
ATt\PN@!D^&#%DNa*VIa%^l*lW/p*,%I&q!phNbIud$y^NylJVcUg#\Ucw,2/11/1954,53,Zucrsijkbmx,Mkqdxdvm,1:58:43
x@%KjQqT&fCO\,tS@DN@@x@c^z,12/18/1988,20,Ensxcmehlr,Cjlxdhqbvxcpk,19:8:38
fjS#V^$/%%ntK!pjjDO@b&iqj,aqXdDPY&\Y\iD*\bHoL/,6/27/1969,41,Ydpyfebbislrrg,Duswiu,8:28:29
ceRhoVK%FmjR$u&^vP^mR*&#Y#o@,EgF/j&#Y^HYT/&g/$\,10/9/1968,4,Kbjvdxdjggr,Rljauwgafymr,3:18:31
af#u,*J@tO#&*yDxCjNPm$U#W@W#@\NR,9/28/1986,12,Vdpssnrj,Jknondiox,0:21:2
tMk/lA$fIUkD!#st,U^fk$dIk^HX,12/14/1986,71,Higxixq,Ibrohqdeiioerna,13:38:56
hEbx@ID@,E^%V@kr/SO&kmG%m\&s#JJMfX#E!t,4/30/1977,71,Srjefmiqallsv,Koptrufssxxcs,9:50:25
kBDSS%F\#\fxqtl*$@oq&ab!/CX%t,hgmJ\u/K^M#DO/@%WkKh,9/16/1981,48,Sqaxsfv,Ihqixrpeutpigip,8:47:3
W&@!\oQ,@yPl@n$cbZDSSzQ@&n/,12/21/1979,9,Nnunwhhtt,Jjaqro,17:25:58
!^*!Rmpyia,rzfCti\j/sbvWwOG$$I,3/4/1979,0,Itppwlx,Hapjgxmvpeddm,18:10:43
V#D\,%/akqAe\/xvW/Xh%f#DmXB#,12/27/1990,0,Ijoesoujt,Oqjpmd,17:24:3
G^J%siqGwKjOC/APRsu&jkz\QReDb,Beb$CJ/PEqQ\,4/15/1965,0,Wfdbednmcxopdf,Qgttdumtnomscmy,11:0:25
BblBF!LQ&,uSMa/F%*!%*crSo%LOQBJ/L,9/19/1977,0,Oghvllvtlx,Jpydkgjsgsxh,23:1:52
^$/G\z/\,Xw*eZdv&%snT%gr$e,11/6/1975,50,Ckddbevbyble,Hnqcxaibvydt,12:9:18
yYgj%J!B@$YFIp@D#Jz!Xro,Al$@/z!Bgij$Vh%elhhsu*vk!,2/11/1991,4,Qobfdkhgwesk,Burfwbq,21:56:54
OW@dX#A!j&!b%!nv@^Y,%LzM^%e$DmhA*UpmQJq%!*iRM$$@/,9/23/1980,9,Bkuqigsavq,Lfrhmcwfhdjanof,0:10:37
t!\&EnLc/T,@sR*V!$a,6/23/1950,0,Lheldpiysj,Wbqkvsjua,0:6:45
v&fyg#Hm#p,TTTY*^NpRDX*y$q^jP*z!m,4/7/1974,7,Ygwccp,Sgwnhyiqubmxvjo,4:41:48
Pw$&p^jjnHL#Ju^C!!*@TrZ!K,\FRLRK&$b$rYD,7/6/1954,11,Gvlgrx,Criyiteckfnfm,12:58:23
C*\/nBt@OU#ey*,^$Pftv%CE,10/3/1961,0,Gcskepvddk,Scbagmvgvrcboix,16:7:22
yzbpBL*\OUXH,Uu$nklPo@Wx#Qs/\Ys*,9/19/1981,24,Fpdbaoj,Awedlujpci,10:13:39
*XJY$dtnae,Xv#HVW%s#%Y\l#/v^,8/12/1970,88,Xiljwmwjkugick,Ekrjsyunttg,6:50:19
!jjgIbTr#*KJDp^*CM#\@fb,qR$$/LZXgGVR%SA@Rgf@m!j%is$@,5/20/1961,38,Yrkinnjg,Jfulrpqi,5:16:3
hhN\/z,p$LMo\@jwflQ/^GE@$R%pc,10/7/1970,17,Tplgswpoiykijqq,Fvlhhjaqyfvk,14:11:16
o\&$D,M*X/xtFfd&%,5/31/1960,133,Ilifiujbkk,Ttfooonpiap,9:42:25
U/qsfXFJ**k^\xR!c#Oft$E%oz,%AoWL#uWVRK$HHeNt&@eoL%*,1/1/1977,50,Vewhxbgurjnx,Dqkaolypvsmw,10:30:45
%p/MRmOp\!@@Vn\Zv!guhJA,QrhLP*#&&yZD$Z^Vt%x&%#y^,8/31/1977,0,Bknnskyxskwp,Zaiqcnmns,10:32:23
@TR*S,W%@ksbyv&k$SMblT^HDvO#*\Li!\F&,12/7/1983,0,Rbkmyjiyw,Zhqpwhfjwqaky,22:52:51
SDZJx!nG!Gc#*Ky#LNC*F!av/oiPS,Q$Ce&ayT/Eru&Rr,4/1/1990,0,Fognefa,Cdrvlusawriegn,14:39:6
&@e/@@e%lu^gCTEwMU%BZcW,BClYbq$BgACqvq#k,8/20/1999,34,Wkukogemks,Acwgcelmytihcb,3:57:4
^Q*EMZZ&Z/&QFV!,FC%FLZ^%K!%q&%,5/27/1953,0,Jcjjruru,Qncafu,1:24:56
**XEP/,it\%#qk^!Hro%rg&a%c,4/14/1991,131,Dosikbhkawpfbbp,Ltuwwysyrgxbx,19:24:1
w%fGn@*#ewCOtA,d%LgO!!hTRPJKJEZ!xR\,6/28/1960,45,Zyxrkgnb,Xcvaejrejogofb,16:22:24
\j^gnzBSVzp#,z@r!*FXSQXz#zsRcL#O!q/#,5/12/1989,2,Mrhmmismwemeh,Iqrgsgliry,23:31:7
MOEGDI%@%EoY^/@nXDxD@^,*uLr\jLD#R\BW%E$sxP*@Pr*,10/28/1992,95,Xcbwlccmm,Gklfipkwudje,9:4:38
GDl\g^Slu!V,y/gq!Xy\&lhm*W&!FB*,5/22/1993,149,Txhyxfkeyrjla,Taiapa,19:30:21
st#J\!D$QkG,F/ESbDfL\pVbbTP^y!QDfih,3/19/1981,4,Bhwqyvbop,Pyvnkoftaev,23:40:53
@xUy%NdM\$avjsVa@!&%zHoP%,Z\Z#*k\$zxALR@tX!,10/2/1981,39,Nikwnqpsfbli,Mqmweictmehv,2:45:45
K/OpE^!/IgtE/#KeS/U/%r,@&PJXrCm/D^\,6/29/1960,0,Xyxmsfyighbiwsn,Rotaaenqrtnmbpx,0:22:15
OdA%tiAp\&zez&C^Ah,TC^iW!WsXdQXz&!EudoMawwpu/Kl/,12/9/1959,11,Gbhixbllfa,Rjqnxwald,19:41:33
X&HccuhU*rmud*T$R/%%!@Mma,V\P#DT^&a,5/11/1995,51,Hjutvuesjylvnxt,Zywyqe,10:27:55
eD$p@%$$vr#,U&S^a\hojz#L/&f&\@!Dw,10/5/1978,87,Fjmtdhkhehub,Kbxrlus,0:3:37
YH&ulheE!y/j#^*w,^cdp$$l^SD\p@H\!!dA,12/18/1953,16,Mrmhyecdpggnqj,Spkadiitnfc,23:8:34
\@al*zRpoSCd,l#%#QX^&CC\qIwyM!UE@FTf^wfW@sb,5/16/1985,124,Wbdsndqs,Wxsccr,12:46:10
/pCKkQz*hF$\HiuU,zSNl#c*@&N!^by*!qj#sSc#@!,4/7/1962,5,Yhmaofqbpci,Jyefttl,22:30:52
#*^^#B!caT\@^aY/bsy,#\v@GSZzO^#f\/r%kmSR@%K\#%Ts^,7/3/1959,125,Tydwykpunen,Lniqhedplthi,23:25:16
Z\bD,z&&xApPAf%Sa\%xrlukQTn^GY/!^,3/7/1987,84,Kgvacdlqmtaoedr,Hkycgfgvv,18:24:3
!@FFuSYRCg\!a^@#Ji,\dW\*m&g#o#x,7/11/1970,49,Bwotbeoaqwg,Shbacjsrgcjiws,2:34:31
\P&C^@ldb,Ug%yP!jT\fxiD/%\AsVIh!f,4/17/1959,31,Giudaggcput,Fsxlnrphrtaei,5:33:9
$&Zt*u%qKEyfsF^\Hq$SX&v%Wc#k%G,hQEtGKzhPZ#*oV&%$qvVjsh,11/11/1995,50,Ntcpuaaqs,Erponcqlv,0:37:38
&DdnN/$$,u!znH\vvetU\%U\fS,5/1/1960,13,Toussngby,Ilhoymaylqfwp,23:18:42
cbRJy,!EaMtf!*YSDG,3/28/1999,104,Jvheptbcqadbin,Eqyiudrpv,10:54:43
F$haD*y#x!&/*%nb/@L&jUb/WPIqD,\JmHl^LsWq,1/4/1979,38,Cwvdjpug,Qdcwgpsy,0:4:42
%@%%slu\jQyoF\&se#q^ydGX!gt,%UW^f#vfj/&n$\!aK%*e/bL%yr#j,4/15/1986,89,Fourgoic,Uesgokqqth,16:41:37
&TFaizgS@,JQ@*qF%gO%#^^/E$z#D\\^ubgmCemn,10/16/1962,117,Drgfqpodqi,Uvwfccgqve,10:0:50
S\NT!%&Pkl,NJklKxZiFSuG@xTfnPSMXbURn$,11/26/1986,118,Beepcixuxas,Oeugwnbvsxwwy,1:38:50
%@Z!^$&aa\oD*,Al$*cxRr@GfPoP^ayAD,11/16/1995,45,Jnrobsl,Inxvwnuuj,18:36:25
#@z%wJ&H!l,nd&%JuM#nZ&#@*eUZxruJ!hUy^&OaX,4/20/1977,57,Qqjjxyhdbhqj,Tapabugohxamh,2:39:55
Pl!^wZ#@/K\y,QX&/C$g%/m!%W$W//A//q^hJ*,3/9/1984,102,Tvptldwemq,Qkbxdvpnvap,7:55:17
O\/KG\N%N$Z$Q#GwlXSCeyz%um,zQ\zx#rhAhDn/z!zXOO,10/20/1957,0,Igfojd,Mpvtncgbih,21:4:40
Ntt^&C&&R*p!^qVT*tP\%&Uo*$xOU,wIl^$$t%NMwnVJc!^P\Rv/,2/11/1958,30,Jcaofvyuw,Mtaxgjjnx,0:24:36
%J%\/am/,If!PbU^H,9/22/1967,82,Rwmmwglqtk,Bsnifypbofu,4:57:37
&F#ZPBERY/NQ$^*S$fnQDLK,GP/@/kWj,7/19/1989,2,Itjdoatqcqshcl,Eerbuxhipvsuohh,11:1:7
kt#KJqaCkNz&StfyW%Z&IPaj&FYz,O\H^y%t&oz!WvhCs@%R,11/15/1970,46,Xcyhivhne,Lblbyuuvhvpqkp,3:10:29
WN!/SuY&oD/tdh#t,!/#h&BMZsj@\kcuiCDX**\sZ@#o*,3/20/1966,84,Npojbhwulori,Ieefnxreqhhtr,20:45:2
va\DQ#@*tOSdwV^//XGvDJe,#I@iJuc@q!sa%%!^*tBih/,11/2/1950,134,Rjawvtximtyrbjn,Ihjxvswlmyjojbs,17:52:10
BlO^PvnY\P$Nax!cbJkfhZX,%!ig#peK^tJZxwN@!ZO%%rPlm\\ws,3/8/1965,25,Vpmgjcpknhxxaaq,Tpjbxied,10:41:53
DJIYcxAFUV^oTH,VYAD\!z$$&Dcr@$lM,11/3/1968,0,Olmlcnskjww,Jhabhoglsu,10:31:41
X#%gIg&m^%hxR$IG%,%HB^\^^k\r%#vQsQw$zcqvz%,1/6/1970,179,Axullukd,Pjmptdax,2:20:17
^R#M$,^%/D%myU\pv#TaChh$%XhDGV,7/25/1956,14,Qndeeynftbqbnrf,Hpamrouolyflcte,8:32:41
%@z#,OYH@^VQ#^n/i!$bFk,5/18/1973,12,Dknseutotlwe,Tlsjlcrjnhatvhy,23:36:12
geb!ei^/^m\*Grqe&^*^V\MxhM\,#HVa^T^T\^xP$q$n%*nu$G,6/29/1961,145,Goejmhwodkpe,Imrpkxni,11:31:31
oAiP%Nd,D!!^H#PO\/\\#l/QL*/U&N,4/13/1986,141,Tdsxeuptg,Vlvewrset,8:13:30
/XNMT%#U,@q/zNtl\s^sOi*Rg!NguXc@Mk*/,4/6/1990,0,Ussqptlgvgxlic,Gmeoqxcsoplvst,22:18:29
e/H@,e#JcTwGtR%@Ufj%JF$g!gX@*,10/13/1964,56,Mtxnct,Ljcndofcermfgde,10:33:47
CC^BDY,#V^%vm\Axxa#Q*K@cIav!gloAKy%%e,5/1/1966,0,Voihvcrbfwevkxj,Lmantbqhbfbmn,12:57:7
*VBCgajK,^\$YkJzqqa!,3/21/1998,11,Oeajlvpjndekv,Drpctv,13:58:18
k&*mteGSbzU#^A,Jjii#x@ON#o!j%NaG#O*WG&V,3/27/1964,0,Vdwurjtuanguc,Zotvlaimsnss,1:45:15
^\fnJ@vzglrClmqKk,$*!b/@yzCQNgJXNi^QzR,1/21/1999,117,Gxakisbtqj,Xmutxtqer,17:0:47
%nd^,^xbX&EdGLyfzBhvVX&%#kDV&pH,4/2/1976,78,Hodbnhuy,Zyfvadn,23:5:23
K/pcfn&@w/sQJ\!\Pmf%eJmw\Vj%,#BOjHN*yLC\^H!*,4/20/1967,60,Epattn,Cggldfwsjbr,5:13:6
ANkZlboPqLYB\%RwxM%Ygk\wK@,bk$#pevu$%&!B*V,1/30/1985,63,Sanuibhrl,Txtndeagujmehix,8:38:7
&Z&^dlvJ&,G///\$%&%&UNyRC!A%MO,9/26/1956,73,Hhuydgumguauym,Myrfsepapjnxq,22:49:52
if#/L#pl#^X&bcFx#N*ReqHGDmB*,\$@UnZhzr#APk&WWNFUtfttw$k,7/8/1964,67,Zodnfmkwmd,Ymiqoqisguwbg,19:39:0
WPfaZYic@$*x^vmi#,vHg&%sschyi,4/30/1997,21,Hfhylqt,Fwrpwsrutgk,17:57:42
ABjz^JE,X^x^izH\NWI*ew&w,7/7/1958,119,Dqlabwxtwujlvdv,Lcuvffvvhmvigc,5:47:35
/HHQ&%&%$$^\BtWOXJxo^VL,F@%OU%vKP!jqoiTMURY,7/19/1961,80,Mxieppsx,Luptornweoi,19:42:41
/x#o$ZxB*&^H$@!*^L@SnTl#,uMl\tMjXU%*,6/14/1993,0,Rogjwcqmcmeg,Foqlioyswxc,20:54:5
YwwA&DLw,dxqg^MJ#s*@\a,2/18/1972,47,Lmpqhowcn,Gybxwvm,23:16:1
RUT*#x,HXZesX@l@^\CD*,1/10/1973,1,Mkwptaqrvpkwd,Juahieel,0:10:9
p#^\\%^/pxm#k\,C$ObNlhTlk\zHdR!*KJjL@D,1/6/1976,74,Skardufvrsq,Ieewxing,16:22:50
JExpS^t*$o^OLFUE#&P$,@Vk$gJaUL#qk/^Y#gPcMoyLGT@@%^#,4/11/1969,4,Udahfk,Hafldspdyp,7:25:13
^Z$Okbu*iF&SRvX,dNrFJ!MQO/s#Vjit@EmO,5/25/1961,41,Evfswtkogdms,Voxjbpofmc,3:57:44
rEycaGB^M&QOh,Jj#AVQ$rzs\&Xrc#x/,8/19/1991,0,Xfurispps,Harfwics,9:24:58
y*R\Xr@d\y!f%RMQkS&@N@kYxK%$,\*k/\WRemuyIH**/r@@dh\sM%B,11/20/1986,114,Rttxqjlnyjebxml,Fpeiduqrp,9:47:21
j*@^b*yLYrF@tPn^%/L*bj&rpU,yX\m^Fsh*twiypmJ!wm,7/10/1998,67,Kqyofiaau,Tuonurnpgst,3:28:46
/N&/um$a@WVsFvj/R@#,igQvqOPTViqD#DnHI,8/16/1963,39,Sejjsvcqnfep,Zxaeghtcd,10:1:7
$*AUQ!,xKHog*Jsn^#bw^J*lxCZpDY^gh*F,1/22/1971,8,Gwavpaspbuojf,Ixdkspgwfxb,9:54:49
PJ^&A*&T,LHP/!bj^R#H,4/30/1999,68,Ixiadnimtxprc,Mgscxayon,18:40:45
bp%D*zn/k%^hsQ!JcZ,@ht$J/^@MSO%K@*&NSpdH,11/13/1974,24,Ecpbqti,Eoododw,16:40:44
UzO\IlGJ,gzYLq!gHGW*g%&Zw$B#P,5/7/1983,28,Mrkpxy,Ciarfy,3:21:43
woekh/Ea#or/nck,F&@/\Fbu$/$#DZXzcn$!HW,9/27/1994,62,Tmaogwts,Qcdhebxrtkvigev,23:51:26
knpIjnrXK^$/zYL/^@,/\\$#FRlbV%^jX!/A$$r\DzS,7/16/1953,0,Tglyaexl,Rdbjpxktj,23:53:3
MDkq^,#e&Xi@\^f#%^V/%jzIlf!$s!gh$SLR,5/17/1995,54,Uyfaysllnhgbb,Grmwaoceuu,6:51:14
ytymKY/h\h*$KN\M%^$wr#,B$\@C!X/mhHF,12/19/1998,113,Rmaqwtweqsw,Elptkfyohigiew,13:37:39
sDG\@r#\YzG!l/!n,KgwPL!!^&SkturjKh\r#//Ek\qq&y,11/18/1952,141,Aurjebkshohs,Nomudspd,6:15:10
#Ntdz@&\dINqhxF$X!#/q,^yPmw&ddOdtfuqwBxsB&^xnu,12/11/1968,117,Sojftshdsfhf,Qmqofprlsjronln,22:24:25
iI!$v^&Qz/Y/JT\*$Pl,B%OZw#Y$#Qsx/ROd#U%JCqP,1/27/1963,0,Jktjrfff,Zkyydvqygiqvvdp,21:22:53
MjBFV\lkY,^FUVnxobV!u&Ab%WjS%@#Kp@^t/n,11/9/1970,83,Wwqprryukxlhp,Uooidumw,13:8:0
cOI/,QeBTiI@ii*!*FB^gfOv$%i,4/8/1964,88,Hnanvyjfg,Kuxset,19:24:54
b/^TsNXQT*/BSpFgp\!fEN,MO//OSJIUA$HqSE&T$#,9/6/1970,88,Ofqasmbtui,Femngcghwsdbr,7:31:5
zG*%tD#rVy@Xsk\Ojjy!%%@\^zC*H,*t#!VtgLxu#sfYo,10/6/1972,43,Xrtbwsnlrddjacx,Tpvawwdrsrk,11:50:45
hctQ*PkAUu@%ZXS,%SC*wxvi&yu/%%SY,9/6/1987,53,Hjmikhscqbtdfc,Cpkuuyalwvhji,18:26:41
#Vu@xgJxAp@\#uS%LqAmSQb\Yzo,&bSQz^BX$I\e\\@GiDBie/Uz*VnG,9/24/1962,69,Jhkyypaskknkf,Aytlgyy,17:11:30
Nc\VdQNNHUtd^#/@/\Dh*,A!@YF%\V^PZv$vSvuQ\TBY%*yQv,12/8/1968,48,Xugrgaclixocvlq,Qpkdjxfcx,13:26:40
%F%@N$K*GC^ACg$/sn/\BmgE!/&a!,lx@k@&&nJ&$g^UVX,3/14/1957,0,Fghmngiicacydiv,Klpsequisv,5:9:23
WloD&j$IG!KXDw,@ztP%&#ES*\qDXMrV%R*/@!E\*geIj,1/3/1971,82,Qqmwhamka,Shervdyfuwqs,20:36:6
fEd^NXa*vvgFmmdH\R%,FB#^FQQ#!HeSL/&*T^V^,10/14/1990,0,Hgjrasnxnhjw,Semmqn,21:37:44
Hg&$B@klzm!Wn^B,/E\CsOSZK,5/26/1952,81,Okfgvvqrmoo,Tualsvvflgx,19:47:37
TCb!/!!*/!TNq&tvh\ufE/&GIS,#$\LPF&KV#$gRF#S//@dEtWhD,11/15/1982,172,Mhvubcugidrkidg,Hahinpmoeylqura,11:4:44
a%h!KynMj&ZnTkNu,rV*$z@O*edocGi$&%P@i%,4/17/1978,13,Soalqxuuy,Jnkjghfra,11:38:39
a%IM/qNq@fH\R&Fkn#RV*!k,Vmr$^NEK,6/16/1987,26,Nosljabwl,Djuidgxkuqsy,3:19:55
$Imf/S!^#bf!!S\O,wW/yE#YzvjCnEw&mk&dsMhXQ*t,8/23/1973,58,Atqntvynf,Djwgfxkwenuxeh,6:1:58
XVCQA#y*pb&SkhFb^B\N//*/GT,\D!L@tFp!XisZPO#&#K!L^hELT@,7/8/1951,0,Gkhjykrtsaumiev,Felganwlryeuxq,11:41:11
WMFrA!&qKyjr#l,EO&W#*tqn$oG/*R*FfO&GDO,3/23/1998,54,Syhavdejjjn,Igrusinwpluu,8:11:8
pPu^L/oPHlWYyOE*T\IMKRmDX,%#gnm^&h^/dVIjZy,10/24/1974,68,Ykxdiidpdxv,Nkmuqsax,19:38:59
n%uVySYsgq&yB,x/\MDAfO/*IkPF*L#A#i,1/2/1955,57,Ceiyntxichdwc,Soaxvhtcch,2:1:54
%tn#oJf%L&u!t^%F$%fk&ub#,xHEiiQ\K^GE#%vPn!z%ebq/x&kweD,7/23/1985,68,Jklgsir,Zuqndan,9:37:8
iJ*yn^,F/T%b\/gW,8/28/1982,17,Welhsyviluxx,Ohhsdkrsqrmtn,17:56:13
iVMb%u!P%at/b\vAE%\!@!o!cz^f,V&!WIvl&yptVw/NQUrn^/zP#@,3/29/1961,7,Kwfktgc,Mneywfl,22:46:6
@K$dCDPbEL#\^GndFd*YG,/Ow\\XDs!sy!xQTBzt,8/4/1964,5,Jyujttnuovdty,Qqgtiisnlj,21:53:59
Q^*R&\#n%Tk@!PBwFy,NneTDuPs\PX*she&D*@S,2/6/1992,17,Ihabllubbdijhk,Fiplmkkce,22:55:17
ULSAY*@RRBAFr*kRiuVk,&@TQq$*Do/ck!,12/11/1976,88,Wsedhvqabmcggm,Zqxpqisi,1:56:46
E&Pni^AtQn*FU/#&Ft&$,yCLi$z%fr!mNPRW!\ElXe*rc,12/17/1995,80,Fdnsnom,Ohlxlmuujy,3:44:2
%bfNtnb%y/#@&&wCgAJQ/EBt\,$xLZR!@@^pL!*/VCSu$E*x*z\d^,12/6/1982,39,Gohbxhceryadgl,Mlsopxgkynd,20:0:34
b^/hfpyfq/eagFbeg$d&GDU,Q$vNEKIbO#aQgUIkoVOn,4/12/1964,3,Ndegutslwtukm,Bgrqajpfyhd,2:32:51
\N#wnh^odwJk&ECvCx$j!FQY!,$#S%&h#q@TOR*Ia/*VuC%&z!%D^,8/22/1962,45,Drfrmtopok,Kwsvnpuvyckdgvr,19:32:9
DY%W/q/@Ra*zyNEhJSoKDTQr*,\A^cuveVDDGjENsHfM!L,4/14/1993,126,Teakyvyfu,Kugfxcchw,1:39:28
G/a%*eBNd^rvsOeYB%#oCYEJ/w#,%#&@@bTwQ/vm&K&lAvqbL,1/2/1963,0,Yintvqxap,Xhxkqlekhjhgfb,0:16:40
a&iqiwC\VH,l#t$%Ex\JKXfdxE*t/espDgmF,5/1/1985,5,Yaahbvapktkvaqp,Dvcmxhduajopasy,5:4:30
*RZQl#S$PN,opyX!g%f$EC^x\,9/25/1984,0,Nhyydnhidrft,Hebeybwb,6:4:21
Yh*Zd#G^/zj#,\JIuIVLn%*wsE*#cFfXJ*^TPiF/oyN,3/5/1964,18,Qhjtadhfqrb,Rrydjwgybk,23:45:55
j$^\#!\wjxJSrw\v,ciZKXw^Wn\DswI#xNvhePKb*,1/29/1950,5,Iygkwevdceu,Etvvtxofr,4:27:32
\e&jE#I@kCM^d$o$\%,KufTDZ!qwDBz,4/7/1962,44,Qmomwenwfgdr,Vqljjpcfo,8:18:56
EWmW$ZdESG^*@/K,j@*JNR@/!\E$mD#wLIp#*W,3/11/1967,166,Tepyjgietses,Fiauhxrx,6:17:32
FDFk/$cEUzF$B,Zmi%gYuG\#v$ZeRZf@GIv,1/8/1976,34,Gjpqeolg,Xqsbikfyqlnwyjf,7:1:2
Ap!gh,uXGCik*Nsm!\jOC/!^,12/20/1960,52,Psqjxkvowd,Rcadvfovpv,17:14:1
MUbAAaHbE/,t!iyGy^h,9/5/1986,58,Luskukqsem,Zqyyqqhdg,21:31:20
$TKi#C*\evlNl*/@,aTxgPCX/@h@fkX%a\NCT$Do,10/29/1954,0,Ousebwvlhifpsv,Ioivbb,10:13:56
ECVwVa/n/LK$!!GtdgIt!qQ$Oq%JQr,a$j@JMyEAj/m%t!EG$fVJT$On#sNnr,3/12/1968,0,Svbbqilunv,Gkklxp,10:52:36
x!\/&!BP^&\%A!\e^!aCCxlf,@XzK%^*G,5/12/1971,76,Ffycdvyqp,Ztkdrl,22:20:37
a!Lub&@rP,uiIdmDZ&r&L\W#PzMt,7/5/1994,97,Ewpgpdybegcga,Efukmktrk,1:48:49
j^CzoM,E^\QeB\F$V#I*Fn$p&Hb/w/USh,2/21/1961,14,Xaqocplsd,Qsbdeupcqxmfwq,10:27:13
GWrc\bBEfL@n%$mtnwx#X^TXF\,sGKqfrt%gDGj!y\#P,8/21/1975,0,Rfdjedneoin,Ksieomm,7:33:51
Yzz#GaVPuy@#/%oAu%K#Dj#pg!AI!J,&%W!ou\/$uic$iGA$,11/29/1967,51,Njgfkynep,Ybxgqpddqhqj,22:1:9
%@Ysx$e!EMzD,Bg&kKf$Qtl$Ly*#\kMv\I/@$&h&#&g,6/12/1971,82,Zukofiinkctee,Qtwrckkudeomr,0:39:7
$%E&cm*OH\/S&FPxC%be@cq,NHC%lduFqKHrfDLfV,3/15/1977,13,Zuesrbqdytcb,Gdgppcqxbjq,16:57:29
FdH!l/A,/q!n!zdA#/ae!v,11/14/1970,50,Cjsnpwqg,Jpijugiyjbt,23:20:23
OOpTbfbOPS&L&M@/\&ciqwE,OF\Gh*$C&i$!&\G$DIwTUSFWZ\G,6/16/1993,28,Qoveuxp,Ygahsavmkt,20:29:9
!MYkAkmQUG/mchvRQX,b!l&@&es!!AqGAI%EC&Iy&&,3/13/1998,122,Bjrwukvys,Pksaoidbab,14:5:23
\#*Alv\TE\CN@EjpAwYf,@FOi*O/^G,12/30/1989,0,Natipk,Vnngymxbcoryn,14:37:57
fX/vB,tv*^@$Z@V#FgzZ%F$GVj,2/9/1979,19,Oqtvuayen,Anuoepdyluqc,10:32:56
g!k!\d%&KZ,v*W/!XfMPdKxP$BKO,3/30/1960,51,Asiwyndrb,Tquxwiwedyohspq,19:7:37
pC/iee,&&#!&YHZ*XI/UX$%^DI,5/7/1984,10,Desuhrto,Ggvnagf,4:20:33
n^QDcfhK@t*#c\@P/Xs&HYz&f$SUFH,e@ib%Bwt!!%Ah\t&ssRw$Ee,5/21/1972,50,Yewvrceex,Eewduhgbstf,11:24:11
mcEPqWB/$%%AFo\\H*afwIAbD,\Atyy^%U*GJB$dCY%m%^G^Z&AInk,10/21/1950,122,Ujgyjrffaevtsm,Raahttpcemdklgi,7:33:15
/mvT$/*lAk#s%Rr^&Wv&WP\^^iiw,#BksaR#HE*&PsYmaK,12/13/1993,117,Npuyfqv,Wbxygnkbmyvj,1:18:39
js#BZBOVVuMFf,itcn@zh&yt&#Pr&/jQWk\W\**R,4/21/1965,87,Msljjcwseol,Pssqymbcffvy,4:29:38
Vm\F*RyH!&y\jzGW&BYEul&O\##/,&F*echY!U%**&bz\VpAtv&M#T//@t&,8/6/1973,139,Sqoloupcerqkmc,Xqcemwqaepxy,2:1:32
M^tAJFG%u^DlkBN^Sy%Ei@Vv,%$jA^edHg*&^,9/7/1986,4,Fhpquxltvdrel,Dctowevfmsy,9:45:52
ozlQRF$,x#\i/*tnEHiRrt!x,2/20/1963,40,Idswany,Swbpmxicscylo,9:56:33
^f*ILYOHK\Nq@KKw/u@,!\Am%rC\NA*mv&IjZ\#@,4/9/1960,163,Zihyuuhcukhu,Vqbtblfdkfsv,0:1:45
*P*Ly#xn&JqTVml,zm@*IG\Z%HdzH^R!oMuK,5/10/1957,100,Ieaqss,Bnmuuev,1:28:17
Fzea,$ab//gAkU%wj&$,8/29/1977,16,Isuxbolsic,Bqkilujltkjn,3:49:12
jyNeyZ^\e#q/\y%U/V$du@*JxD\e$g,%Sx!QrvOJW,3/9/1978,94,Vxubxfprlru,Lfhgfyxr,16:30:17
$W/Ld\WHIVaryP,fF/P/FmATcnDPKlpb,7/19/1969,0,Giqynec,Kwsybe,15:33:31
hs%Y,!\\DwbtEib$E#,6/22/1970,4,Cqiiylhvl,Fewxrr,23:7:50
y#Lt/$,#BC@tD/\mlQxpdI&J#S%C$r@xMyk$/,8/13/1980,0,Fjfkxvckjxp,Ainotohmsdtedc,14:33:59
a%rFR*U%$Xa%CHd,%!#\\@y/%zm,5/30/1963,0,Pvrjxiwlgoxbhpq,Wmoobdulqypu,7:20:59
Ot#\*/tq/&XHDv^XmQ$,$W^yx$Cqr,7/31/1960,74,Attyeujyhajyikp,Rnjpoibxo,23:4:2
j$flti,pTFz&un\nl&,8/16/1960,112,Ndpcvrk,Axcqjj,3:38:10
wUY&f@ta&AEuFR!I*%*FsN^jN@l/,ORX^!%CO%RXnb#tm$!c$rWzJ&z,6/8/1953,0,Ykirjskenqwvnc,Mwvpgko,2:37:18
GzXIdbG#&/\qd*TefrF&QwdEa@,//%&ed^G#!$yQ!m%FAnhiJwK^!yX,10/1/1996,31,Gdcfrluftlbnli,Mrgkvnfnoqxq,15:8:41
y\qMyt\h,leRFsot%%^wZSBF^VCb,8/26/1975,0,Ffgxpshq,Vsovskusaphnr,10:9:53
$!$tM&l*mtfG,HKLAm#$VgZryahC$cvNFLFwEbTG,2/22/1974,0,Ftvihn,Yihbyoqwsietoc,23:15:11
\ZPl/u%*&bbBO#nX%NYS&NU%zh%c,QD%ntnu#X,6/3/1956,81,Htvwxhckounvx,Kaanxdwxm,1:16:13
he@kt*$#BCMy,a%aQ@XV#F*c#@j,12/13/1990,41,Ckybgmmeg,Goncdpir,11:4:55
@XuXtW&,dYx!v@^bPbzyDT%j%*,8/4/1954,0,Rkeaswi,Ibkxnoqqdviquv,17:13:8
faYCt!\UOtuQ#A&J/N&b#En@z,mWk!w#!Jx,3/30/1967,97,Qdnawtny,Oullvg,0:40:5
L/!EZ,&%PNk\AOl$oURH@b/%sYNrovR,4/3/1959,96,Zwtwbntgadcwl,Ljqblgad,7:4:29
ZLIgaVl$^@^,t$B#A*lCt\@$t#o*G,4/18/1960,42,Zyninsyd,Foggytavatonb,18:7:12
YjX&D%nA%igU$UNOsHeH,$!vk\ZR#V^AB*HU$VLmVe$ui,1/31/1960,0,Pjfrhxvvbotex,Hqivifv,11:28:38
ai/*u,\/n$POGAe&aDpH/\&,12/26/1989,124,Rtnpkpuapxnuu,Uwixfsahy,6:10:52
&/jZM/,/kys%cJ^ki!q@,8/5/1982,74,Ugyhdxvc,Qtuktnsjltkt,21:15:44
*&*C!RjM*@DBmX$#Rm,\/ur*y\cJAHW&HpZJG\$,11/28/1950,107,Sxjrprpwiv,Bxvapr,23:47:26
hz%a*x^bWI/V@&P#G,VR*\zHbPTJht#Tcc@CH,1/15/1954,79,Lostky,Ocvcudurilt,21:0:27
IGM\se,%!B/Qr*Az&\/W!Nhx#R/AG%LwgAGp,7/23/1991,10,Wevqvs,Ltvtpoavckq,6:22:7
\/!&m$#wccIkBxeE!\$fDY,\ON\pZ^Y,7/27/1994,0,Wjvbkmyoeliai,Ukkjpyrakc,17:40:24
W@R&%^h#k**G/Ed&Z/liZS/!H!ASU,sNUz%u&!sH$*#&$Otr/o$Wg^%tI!,2/8/1956,74,Mgokixuh,Tbqlbpxsh,2:22:7
f!Aj\tmC&#%eEoD,Uz#&LT!zfx%!^eq^!Xx*U@R\,1/8/1994,27,Rjblcn,Ottyokuipnlkkph,7:41:29
Ra\a!#Ti#@bEfTUt^#UhdG&Ou,N$phk&a&JbKCjI!,12/8/1993,57,Rrarsuaww,Kywnraprf,23:45:4
&HoZfA*Plg$jt&^G%Zj\$Y&G$g,J/qWW##*@g&@TiBvG@sG*T&Ucv&,3/31/1987,31,Kvedcuecpxf,Nylwgqfnr,15:51:47
&Z/x/UD#D*zfQH!nWY\%&,dTT^FSp%uOcR,1/19/1989,143,Omxnryeqxbkd,Fptwhutrmj,18:35:13
q%*EttaBL&!dT@q,mwVQEzTnwmHS#E&*,11/4/1998,27,Qknkyc,Wbxjipftquq,13:46:54
/$/^!\sS%i/%OB&!ExEs@,So#V#OhZCYt,6/6/1962,5,Wqtqbayntl,Qtanxpryd,8:44:38
NK*&A#m&Y,%Eq/&kqEmrzhs&N*I$zoDpF%U,3/11/1950,45,Xypiikbna,Nfinjepkli,2:12:14
&@kE\#\bb/!Ey%/a/#LWt,nxLjnX*#*gM*iBP#frvA@@,12/9/1978,0,Ktqurrflxlyumfm,Zshvpuwtjfjliuk,1:21:2
m&&cor&z%d\/gL%kfReFDHkO&l%Sw,/K\U\XjV%U^c!L^l^$XB,12/13/1963,0,Hqunwyqervsyd,Znabtxajdtch,10:39:49
vV&*&^ZUtqC!BjOw,TSOt@*#zSZN/WGFSi&,10/14/1988,126,Xvewlfmnhxpsik,Mbfaafhx,13:54:25
WWp\j$F*/R$y*PG#HOhHEhJ!tjC,xiC#t@HT@@\j*gX#DeWtAoR,10/23/1992,106,Nkcbpqjtiavrgh,Gkjktucje,23:34:23
Px\aps*Z%CGOB%O#WKpvWdcRC@\e,MZ&m!Hr$JXsnGi\Asa*&@,3/5/1958,0,Uciyaohn,Vonlnp,17:1:33
rdaX#mDLMp*ie&,knA!j!RaJe,8/17/1952,26,Omtmbhowis,Hddvttsdk,9:57:18
U#&W@!*@qOE!Pv^fE@eqfeXSsa,NXqk/KOTvFyO/Z/#,3/11/1990,39,Fvrencjhksxdji,Axteryxebteepn,8:32:58
B&Ta%!w$$D/dc*tE$Tq^,%ceSQG/KF%eR*@\Z^PD^!,1/28/1981,93,Lvvgnfvlpwfrm,Tgmydvn,7:3:36
yk$no*^u,W\#!K*UQFNd!yfwI/m,6/30/1952,0,Diwxreqkkrhvxm,Tmrsqkcxqw,20:11:55
^&hd&^z^*V@i&SWS,/!OU#zPE!hM\k!rjYe$hX!&!Oyr,9/24/1993,54,Iippytcskavdl,Nclelvgidmjw,1:50:32
APLg*,gyHd!#%yZU!tCl^EX&@Xcadb,9/4/1960,13,Syvtwmyiytqylfv,Tpjtwy,21:14:15
#w@aScg&n!lZ/,^/*&$^Axij&f%Tz%!I!Bg*fD*!*j,4/10/1956,59,Ovfohhkhvuedgvm,Tkjfyysen,9:12:46
N%TP!J&#US^%%%@/$CEOT/$eti@,m\Xy&@n#!e,3/14/1969,0,Dxryucidmk,Grsmnpadhsjosxh,16:42:6
&^$%gM$L!dl#LO!S&bsNgvpLW,Yspft*yS,1/26/1991,182,Xpjqkxhtelkb,Ipkhhe,15:10:11
m#BJnC@vM@,^R^KO$gqBe,10/14/1964,2,Uhktym,Dperaritxjgcpb,4:57:37
/zoW/L,#zrAG@Qy!jS@$%AQ\/Mq$S!bmqAf@J,2/10/1995,90,Ygtjfkqck,Dgqsqvetd,21:17:38
HVr/y#nYrxe*J,W!$LXy#\meui$Ntm$!Py$Frnxz^,2/8/1984,18,Jfgtbqbx,Inwhtwreexactkt,13:16:56
#HxP^,&@%jDTGeidDd^sER$&LciL,3/7/1960,58,Vxdywwmvwjbxr,Bdjklayysinydt,12:26:17
^#ON^\M/\#Gd*fCN&&S$Nu!*&Ezj,#v\#\Ogur^^LAq%&k@wtpN*b*Pus*B,9/9/1982,8,Wfgdmppljy,Pminsytcjhywljx,18:19:39
\YaJ!B#SSdYk,@@fCcQF/uSqVV^/C$x&%wqN,11/7/1970,27,Evfeovyiksrrq,Fotflhsrkq,2:25:15
qCmj#sSQBS!Vj!QUDYx!@v,^cZV%/UjBVg#Ira$P,8/13/1954,24,Iaqncosswhfyld,Qciexcnlenleqd,11:39:40
eF&JcI&Mzn!mx%y##ebOWGfg,&^%k#JC\Jv\kvN\Ky$/p%,12/9/1997,92,Zdkngmqbwg,Nimcqbitcqtwt,2:10:2
v/r\&yC%GE$Jb\y%ve,ft*Y*GP&*\Ifa$QD$kI$H,1/12/1966,6,Wyclnycmbsnasgq,Ypccjlpg,10:26:2
#HZ!t\b$l,/v^EuX#JOPkL/u&GGFxgbNy!$aN/q!,8/11/1981,109,Oelkkafetcvtp,Defxsiu,9:12:55
jriWD&/e,y$$\\da/Z*G/NN\,9/6/1976,34,Uxyyyavklt,Wygxywahypao,2:47:30
cV#SVLoc!%dBZ\,f\$vS@JZTYq,9/11/1968,0,Nfbgvk,Birjsjtcdyexil,12:43:55
C$D^beQ#td^d$$fJCz,a&*%x/Tj,8/31/1964,121,Johrlvghexxb,Wgytxjhyeri,19:52:42
!OK@V#fhjoWGU@e@E,PMHwJ#EXDi#Ay,8/30/1950,22,Zmyxubsh,Jmjnirghfhcocer,16:48:41
ldEX$G@@PDS$S%#/!IYsA#ytD//&,YtXlJz/@SY%KUoIv,5/25/1972,0,Xjkwql,Wijsejpbchlix,6:56:7
aOTB*WT&eIRHK\xa#/HFzv,!$fNglg$N%MR*pyy^#$#M$,4/10/1966,0,Fojwcyh,Koddkip,20:24:3
^ZLoee%,B%&\&T%rtUxBMg,8/6/1987,103,Lsmhftcixyphnfn,Oaldbfu,10:52:41
^Rh@,TEoqMukjI,11/10/1972,0,Kblcankyn,Xnekkxupcxltx,10:32:33
oK/EqI/DJTX$%^plZ&K%pbZ$&ha,DjpFhZs!bh\fa&s@fi&/iWbh*N@K,12/11/1976,77,Zjtwdtm,Rogrwahqn,7:22:19
/laqb&,&@@^oc/BrHZ&&,8/21/1965,95,Vcconhjmpx,Hxioqiccpnxfmm,7:52:0
Nof#$#MqY\nfZPDu#HmajZ&&dsB/gq,h!ArDO$WbLdr#j@jJFbA@%%ty,4/21/1950,24,Gypeyhrysgdyba,Hslywrnkxerpw,11:29:7
uD$OhoY^uKXwo,T&/%Vvj!*$rpRyjEFp&Chovw,9/29/1972,11,Ovrnfphbcks,Wxjosxj,3:42:16
tk#pwMqQMrnI\^Tu$S&Jbr&&/\,zG*%!@S\embUkn,5/12/1977,1,Lseireqptwqfg,Hphnvlmkgeu,21:35:59
r@%cwkp&&!M^SM!n%tw,dPq$p/W/LVU*hE/BD!/\z@Q^m/%/i,11/2/1996,70,Kuuphmh,Jtjpeajhcmkvvq,23:3:3
z%MqeESS*X^s\GJrP,T@z!uKHCDoAlymQ!\Uov\v^pt@,11/26/1962,103,Jsuaxgmmpgrmw,Yqpxgocrq,6:22:3
HozPcP#o*s!djvqr@bB,^CTJ*KW^OVq&ZhP,12/23/1981,23,Ykcvxywelinqhm,Vkojapcgyukas,17:37:20
N@I&hy%#@TW!W,Bv!\Us!$vX\G#zl,12/11/1991,1,Bjekgqqn,Tegorostuhg,13:16:48
W&V*D!,/eG@DvRJuu@!c%%n&!%eV,4/17/1974,19,Ykqqmijrpimlaqo,Qopslslo,3:35:47
GVrP&S#&w,ecd\u^VMx*/an,9/19/1983,111,Hmxaprdasg,Hvxaladglrgxyw,14:43:29
UbbRTcN@hZ/^hT/o,MHK@%FE$cwh%^fZ,3/27/1962,64,Xrekpfoqiiug,Oehrecedf,18:26:3
^W!#Pnhte$y*%jmy@VGhU!T,LYY#A!kUqqO,12/19/1980,0,Nycwkp,Vuvmbygf,23:2:16
j%z*Y%bVON^,@W*J/%Ii$,10/17/1965,0,Gacjhxeivievp,Litwhlq,19:22:55
OBNydD,IhAWHFyJDuFwUl#cm,5/24/1987,37,Xjmllpy,Dtrfrao,18:48:9
%AL*@IfPQP%#Ffn@t,*@h*@xlwOy\WzYGo,9/2/1962,46,Emvccm,Ihujjbbnmeuodf,11:10:8
z@yCt@ORZXhd$eDQT&DxXE%^&Fqc,QV/ZeI\MTk&U%XN%rei/abx\,12/19/1955,81,Bsdrknercdbujoc,Hvgcjaffjm,23:11:22
\Z$Zm\k/nd\*&wylb*\yNtix@,hedJv!QP^^#niNCdHx*#,8/3/1981,66,Sxfsbrsuila,Vxblicoq,15:45:8
\t&b&!^rHG@SR$&g$#$*mZb$,!xmW$nHzq*l%l*WD$pNkY,4/23/1997,31,Rannqnvxdden,Yqwluwrptudn,21:51:25
\ekZ%U^T\k$@@E!,krlVIx!&,5/1/1967,47,Jyfhasq,Webkndgtndmlsb,8:20:20
VgZj&c&%/W,xyz\Y/EkL*&@Pkl,2/1/1959,19,Lugnyebjgueh,Gevugrsndn,4:47:44
v*E#oq\HT&%,&whcQ/XQwg/,5/21/1964,127,Tesltwquopeo,Arbxwr,3:7:19
S!xIN\AAK%!Jk!I@@u,oX**$&zs#BtsXb$kWeuU\@aa,4/8/1978,177,Mnmgvvrgiwp,Tfvsulgsf,23:17:20
j*/bc,b!oy/dKF&,1/27/1989,152,Lnxgrgbb,Hqsdupbbvquxkg,2:40:49
Q^N\K,XvIpQQf@cxW!JY@jpoWZmQJoPGbq,5/18/1982,171,Ywdpdlmt,Ermnbo,18:32:49
^e^Lzl*f%$ahU#%MS&,HSl*g^Ah!%$w\&Gq%w&sX,5/8/1966,101,Reritlj,Mbhymh,23:33:15
I$#kPy!NOc%&%aU,P%vec@kdOCzG,8/20/1987,39,Jtvsqyi,Vsadgerxdhwrn,9:40:31
FLXBWlL!i$/TJ$T#,/*Av!IvnJ#HP*J/,12/6/1973,0,Noledeecbxltml,Zwygdpp,12:1:42
vcSN&JVKdwa@,^#vJw$tu^c!%^^yi#,12/31/1958,0,Vxlmseitkxqo,Tgtskeh,16:36:50
aOWz#%x\*J$BCNwH@wrXRc,WIuV&vO**$Dz&DpSzzj^,10/27/1951,0,Iegudggimro,Ptqhwpbrfyhnfn,16:13:54
v\/vA!$BtiPr*/@x,*#LdL^iN&^o/Q^^/#%ehAbc,12/31/1973,0,Vxrbhegytdt,Airtaffq,3:18:1
Gpg&HaE/LEXgOgVK&T#sx,$pH$$O@/d&Ga!$cNT@/gO,6/24/1964,55,Cbbeyvf,Qshqgaphw,13:36:40
yxEGg,n$#v%C#UnkuD*Mvh$,6/18/1976,30,Txoiebtu,Bwiydvg,2:49:32
IAfIMIvSKD#enJ%,G//OfbOvsL!lab@RD$G*q#TH,4/18/1989,37,Camswdlnjrex,Jnykmajoygifdht,15:19:2
vNFguR#&,Cp^P!mc\b,12/27/1978,0,Zywvctgkpqpuujv,Lbuqpxhol,0:47:17
Sj&\/hTnuzq^,z&&IIuiBymZO\Hga/lNcfxRJVu,9/2/1950,136,Kutlpesc,Luigjdqcxcbo,5:27:53
q/hr,@!BmbeU!dXRNm\*S!*UM^ny&^q,4/16/1990,0,Pgigtlllhbtcup,Rjwkdqxtq,14:34:53
h/\i,TP#\*@ZAj&Ru@,8/29/1961,83,Fulcfywm,Rhtoubj,23:38:28
cH#kxZ$afUXJopBi,Fb&BYihy$Uq&!nqsM$BSIMoPYo/,3/15/1993,121,Zahcwylon,Qlcsefwm,21:7:23
^jW@@^x/WhLPbP,f$i!Q/fplzrr@r%@CH*\azk,1/23/1973,57,Vpoqkdqexb,Qbyiouyrsavih,11:32:30
iEX&Iv$%nk*mEkWrX!hSYm,/HWkL\Y*s@wSthCz@/&fIxDb/S,1/6/1969,51,Kuyhsxwnoppole,Ifpgohflgemtpj,13:51:24
C&C@HpxyNHiR%LMoR!^D\,jDT@ABBcykuJnysDtO@$EC&lS&iRtY,7/21/1971,101,Pbflojsxsafqgrg,Kultjajegobx,10:18:1
icFTm^o$,VujwJg\M$Rfuu!M/*raTWzQ,4/16/1962,22,Uikmbryom,Eqpuqfyrgxw,18:38:32
uh#t$&A&Oksp\T!\/,\$qaD!XUi!NQsdt,4/11/1997,38,Jmlbyfawsyoo,Ragtcluf,16:52:55
b/#zGC^^er&$B\f,KD#p$^mEJ$vgTnxHi^xA,2/5/1968,169,Avymar,Rmaadoo,13:29:33
#&SNfo&/O*,%K*gf//Kyp#olDvhP#os/W!U,7/8/1961,59,Eahdqyocedrkos,Jhefvrhwxmcustj,18:27:38
LjmqnswF/m!^^oQHtktXy#GWzFG@pr,YljX*p@UE,8/6/1974,27,Pfnxmakemhwfjb,Kcocitsdqbbhkk,16:39:0
@*w*J#r@wK,/*^!A%GE@!#pXFdP#jE!A,6/18/1994,0,Iorfoqnptp,Zkrnndudeaivuii,17:8:9
lvX!T/b&&Bd,eKmAFCDb!w*#GYT%jZQ&b\zu@#,6/19/1956,7,Shspdayfibjtof,Scnbhlmvgmt,0:2:59
V%e#dPJ#N,*B$ZDb!Rx@IE/pf^@#L$,8/23/1953,38,Ugdtdnbgjjk,Kjlkenxcj,21:31:37
CaW*%%GyJ^gq\tvHthRJ%\rmi,$^^iS/IBFGW,4/5/1981,0,Uimowdrg,Pkiboplvenqh,13:0:41
ie/W*#$,&JJRdt@zQvX!HH\B^J$F,1/8/1962,31,Gjxyhtae,Wednesxipcpyn,18:53:43
\YMfmWwm*Q^TT@,kxHbs@FcRBN%CadZ!q^s%JHW%^g^Y*,2/23/1956,28,Hvqovjesshtuj,Stnxeuchpxh,9:12:11
Xfi/uezP,c%xH/ngP!ycwZ^/ASK#I!ZA@tyL#f,10/21/1973,161,Owugpms,Alpqtykfap,5:47:47
AuCRS/xcjdAbUzww,jqPWc$adNTNZ%M!&zMjO,6/22/1952,54,Sqabfonyyd,Bnuqojuipjp,11:52:34
Rex%kWNG!VC&j%#CguC!iK,*#&rH&#^PBDg,10/6/1986,0,Ttlpouwlwuincrt,Ouscgmaumpds,15:36:22
%kc/%GDj%gA%/,#kN$$#Xhq%q!dFkrzdL,1/26/1973,128,Rwggnaitnl,Ddreklqfphh,17:47:29
&WtWLZ\PX%ZX/m@xKpoY,uwTxX\#Pa\^e\igkI,3/14/1952,0,Qemhvoadkjq,Pjmgpkbxuq,17:5:27
$Y#%J$nKiWV$HQrHQuA\&*ZtAaiWZ,p&jR@J\Mn&HZ,12/16/1956,53,Lewdajunu,Qdxswnufimwe,1:20:39
D*m*LNJJ\X@aCJ\w,dWb$JW\*C*JOmdVEyfjR@P@X#M,2/11/1989,22,Yhvvetfnyj,Nsuiiliocyf,8:31:12
C&lp#i@%@$NgNtY#j,/Ik@#a*n$TU*jd#fvzz*gu,2/12/1976,166,Nqciusxm,Rgosdjskmssiojv,18:16:25
aFMd/#M,cf#IvCRHdZpX*gPF,7/1/1950,30,Gvqcfppvq,Vgknittpfffxir,2:16:39
*z$/DK!%JX&b/*A&D#Yw&QuA%$,q$B!@YJ&dkBhV\o,6/24/1966,17,Jvexvgjtfkhlw,Ftcjvqtxlpgsy,22:33:23
Ip&Y&fPmfK@ILQye@nn,fYL$kNc^*iyk,11/24/1977,151,Odociwngp,Kmpert,11:16:34
gYdjDf$!Q^lGqoIr#,ds/GA^J^,10/12/1992,0,Agjiwduvilk,Zmxtdyxyiersoru,6:3:44
Bc*N*&$l,A/oPSiDcKzm&z&%KWhM%%EBC#AhL^I,5/27/1972,38,Vuylhymwdxoat,Rjepgoicau,20:48:18
M!PC%!,$h/gZKO$$,9/28/1999,0,Wgnvdvxv,Khyqkfw,21:9:25
z$AScUg\@!tG$%kdTQw**QL\n%P&f,!WF//eF^SL,5/11/1950,45,Ahrluhskhnesok,Mtpukvnqrtxm,20:21:54
&OskZ/@Ez!Hh$NXQ^#v&v,%ID^ku#Z\&t$Wp%f,1/14/1973,0,Irxvxwvispwh,Gtkbrpetwna,21:24:19
vN^Zn/,S%q@cfTU^Znb,7/31/1968,0,Kenmays,Edvmspiooblop,14:2:19
fk&Dv,!uarn$!j%/#N^@x&JdqNH*,10/13/1974,18,Mcwapyfvueaoni,Ihegxh,1:5:28
!iu#E,OO&A*%&ZXXUTY%#gK$,5/22/1987,39,Buelkgsmgdjtl,Rwlmvow,12:26:54
aqzEnb@ml,f/D^!qQg,4/4/1988,24,Akqyjxrhnmg,Gsimmymprd,10:0:41
/&\IpkH@o###%o%dX!ph,pJsu\%xZ,1/9/1969,0,Xonfph,Ikqrebmme,6:18:55
U%tTF$$Al\pw,@cof$svf*M%qbN!vCdRV%CqG,4/29/1954,101,Wscbhdpjhsqd,Eyhvnq,3:43:52
uHoEES^Y&Cy%&!Wc%k$C\d%&MWX,fMh&kM*Jf&MlQ@KoX$WJ!jsoosu%\,5/24/1974,83,Aswdwsbntr,Pwnietfmwxbepmo,20:17:11
m&h$&t*,#s^$$leHuc\BDZj,8/20/1974,0,Hpjjkbwjbilvioh,Loritqfxiybwk,6:19:37
J/s%aVF/d,C@Q/x&HcokP/!k#MHeX%zS/,3/19/1974,113,Ixuskdkaujvipbt,Dfvyrpxssfi,8:20:3
A*#&@%YXwpHxH*/TQ^,%eAR^%$#tz#ARIWzf,10/20/1986,36,Rvubbdxpgcnu,Mrlkhcgx,21:48:42
\v&A*,*uyMuXcWXB$/%rzZ$vcHGf/@Pc,2/1/1955,23,Zvpjmebsxjbjx,Crbnxyokyw,19:13:14
^VyyXf,*@y!!VO*P/q&fe*JWoP*^,8/26/1995,0,Bkaqjmsbcqe,Kgrnpwtugojv,22:23:8
gT@/!@lUrP#yFp#&!SX&oWBcn&,b#I*n/xUgV#&iF/rt%va$^C#\YKjN,8/9/1997,18,Rxumtdgtusb,Gbdyto,10:45:37
S&SCG!w#w*aS/*VMv*In\&^B,jT/HJHfVHo\/\KzkU\$x$*ze^GB,6/26/1986,140,Peglcvtcxe,Jrbcru,18:48:7
wAi^AgRBYC,*P&&ecIOyOptRiB,10/19/1997,95,Julkrj,Hhnpanr,22:25:7
aEhex^JfD$^RZlo^kJ^f@kO$c@,i%Vb/^@UlvxRCN,12/24/1991,66,Tpvuvkhkbvs,Pucfmbpsfkcj,5:43:56
aDEToAvmD^$C%*fj/wd,!eL!*ZjWmUtX#gsY/hWYsaFv,5/11/1978,65,Wancijrtp,Egneucdqagjsogv,13:42:28
H#j@^@wtA,^UL$vwNUhksu#iFNrY%@,7/1/1998,42,Tkjmaolm,Momjwgslvbaq,15:35:31
tG*@P*ewvVY$gC#rj@,aWefr#oI,7/22/1962,50,Jufqveegtslbnyu,Udcepaqo,18:22:35
kZ&%OeNZB^psLW@\&SS\kC#B&I*M,*EijK!HqxP$AIl,8/19/1997,22,Zsdcjkb,Wnexsuiruippi,11:53:38
XaKk$Qs!BSekT!&oU,/@!$kbp&twTGaM@hJq/F*Lr,8/13/1983,40,Chgjxjtnj,Tkdwqtt,10:52:33
%WjEwq@\KG,%$m^n%S*O%,6/10/1963,4,Lwqbeviiffxxr,Ololsabu,17:31:18
VYQjkhRr,/xk$ZzS/zJ#hAHF&qY^m*U,8/25/1964,0,Yojffchmvxlwc,Oerbluuqggnu,14:53:52
jyQy$*VcnkB*Zs*h,LMEC$faSsVY@T&%ZYcGz%,2/14/1978,78,Ecnyghqejrfdn,Gmqtenrrqxxfvwq,0:4:40
$PZ/T$EW&!#G/,cd$/FPHuE#\lzy$VC,6/8/1959,10,Edojrdbpbmmhqh,Dejcaxk,23:39:20
ySFD!XNf*gD%yfe#*SH#,JXYqDEbt\/,6/15/1993,0,Xbufgxchekrjkw,Njyptv,17:44:2
nxf$,i*VpFkL@y*#/K&Ckt,9/23/1991,120,Nqbvwa,Xbxmrsgxbuad,8:25:54
xl@Zfnhg@Zg^cAD#IRjn$k*HhA,BmMbewbt,8/8/1960,17,Qvhwfmcirqhbm,Gvuskxdqfroycu,22:45:30
\PB^#,b!f#y^N\ru$Tq$@,11/5/1960,78,Umjaod,Zeyfymivymthcs,10:21:27
$Nta!!iG@hDSpl#BQCoH!Q#vB@Rv,/tNvi#KtCXx\^^&Z!w^/%,12/19/1985,167,Yjdycxeoxvbqlon,Cbbmcymuev,16:0:42
C!y%OMrZF&I^*vFHFrZ$&,QLtamp#%D\R$,10/25/1996,0,Hnheuqdrmxrq,Fddqcftnsutamps,18:55:12
G\hNEGvTAvvCkDDw,f*CCm%XXzm/A\Yiz/,5/18/1997,40,Ebpvtdngarkb,Rtvtapdsdpy,11:15:20
b%zId*wEF@lfVR@!*&$^%khuIlst,JNXquS^QstjiA,11/30/1985,20,Enifge,Ymgodrbqhyicvl,4:15:34
$jylA^/C\xYGFAARf&lg,%%$WM@@!DCVUS&qKDsJykh,7/8/1972,111,Ptbcncap,Kxbfdq,7:53:32
FQI&K@\cWQ%*@g%p@\%iJ&C*Z!mbc,fKp!kFA&XeT\*FM&MSXg$g^A^hLbTZ,8/17/1959,103,Dayvxkdljpgwjh,Anvplhnwl,12:35:38
h%M\\&yA&jjdCh!Kn*@!V&W&$$gtlz,Sb$Tt$lyhTKnB#j!%#Svb,10/31/1966,1,Ghxdxiuwg,Inipcnuutttxc,22:37:24
@$u/*eB,##O/LZTWeXwHV$o#e%B,12/5/1965,0,Agkmxhfyfhcyg,Hcrkgni,23:31:20
/^\xyKPP#Gtj^$@,b/M/T\CwVTNMYONYv/SKM\k@\a\n,12/8/1994,0,Sfbubv,Eyjljvo,5:32:29
r#$w\SqKK%^pT#W@!#Ea,O@!g!JIdk#/&gq,1/11/1978,0,Ucjqbacxvpvd,Irlcif,11:32:7
YHnD@V*Y%!p@EmIM,%/*!p@\hVg,7/2/1955,102,Gvspfoxuex,Gdkabgptpv,20:37:32
/X&Tj$%@%^TzFF\p\IYeZOBjMeZ,L%@c&C@C@zGb\WQxAY,9/30/1962,0,Qxkuwcpltatmn,Rjmjpx,9:15:28
$fZ&tZZtle*,fu/U^^rS@,3/17/1980,0,Aubaowkmcivdkcs,Ltbsxxocwicjdvj,5:9:1
%&YfZ#Sq#wk@MXi%ws@vWU^!\P$eb,b^Gf!d&l%@S^vrTGrM@F^m$N/,3/20/1962,0,Wbwjmxmfatnq,Rokbfeugxwb,19:50:50
b%%I@VXCT#hp#X!rAiRue/z\Ce$,cg$%SS#^WBC\cCJ#OA#JR$,5/30/1961,0,Wenkle,Ydaivnxvnjbmxq,6:33:56
VFIV*x^geXhGYiW,HUWpojKa#iPz%&,12/10/1989,15,Ftnbpfxpfpgjesn,Aslvfdjn,5:58:9
$##cM&eYIasns$P%Q$Y^#*w#\v\N,xrp%MEBJP@mzxFpvp%/nuN,3/10/1950,86,Dguvliqkcg,Zmgplbmxsmrira,17:0:27
gGC&*%&Y^RfZD@%Ge^BpqBfVA^v@J,NNfir&ryZ*&&UP\A!x,4/19/1972,54,Zipifiwdilig,Ioyiqqwsru,18:38:22
#sXIB^,dNGD@DOo/!ZVge&MiVzx&K!PdJVU#,10/18/1958,88,Uywlitmbdamlm,Vauljxo,7:23:59
^%zh\%$qel,w#lv^LaPfR,12/6/1985,70,Bgjbwfgfbeondxn,Bfkuhjl,16:38:6
H^DmcC#Nl^Dh@\DwLA/CgZw*t,@Nk!#H#k/KcoCbe#@mXYX,5/17/1958,25,Gsnlvfnkbprahh,Foklmuojvxlfm,8:28:45
j\DnQ,n*x^LaQR/lFH@D&YjDzw,3/27/1993,0,Meivrhjhovvisyi,Sgpkiejosve,1:30:36
dR/WApmrjU$!nTddU%@$Eq,va^#j\HaY&xs*\\*^$ecv,11/21/1964,24,Vbkrnaj,Mgtskxgfyveeers,23:35:21
%^V^nNt%M@p%Hll!KS\$@!#dLOp,XEF\Rj#UZ,8/1/1967,95,Ivtqxmwqlslx,Fnjorqrempq,10:53:11
b!othRnVI$kW\Ez#YE!w!/VK,/&ak%fzKadq*hOU,1/27/1964,6,Jmlcypfmdm,Fkomiaswydo,8:49:49
C/KSAc!#*n,kEG^L@%#\IIuEt,11/12/1959,46,Eqtcts,Uhyjmkulb,5:32:49
&!\vKSPIh!\*,Z!Wk//dVJE*#,7/23/1964,51,Aqucdwgffyouhu,Curjnathayuysk,19:24:7
o$l*psYR#l\$*/#B,Bz\$h$b/N%G^r/kB^KGAK,6/10/1995,0,Guowsbgyqv,Bmstwtlriq,22:25:29
AW$E^e#GBN,ODd*WIaqN#^eEda,9/8/1997,76,Lysapsmrtpdy,Clsnyedu,7:1:19
&CeoCRqcZeZl^EV,FWKXtjt$OhiVFAn,5/18/1959,142,Ryfpcalwb,Pylmmtpowtjslmd,19:6:41
lUc$$\*%d\%toalXys,vDbLri&bIvz%/#kgXeA,8/6/1978,0,Itrmgldc,Pvvsydhgvot,2:53:23
zHRF%,hSXSgJl\!$\dB/wavj!$/SX/M,12/17/1998,123,Nbpxidfrvccsb,Rhqdiqycjdmah,14:39:14
AEwyFQa\$H@u&Mn%X@F!O!,tO\EygMhJ/T$#PkXKol,12/5/1993,149,Vpbmvlyxxe,Mqdxvhppx,1:12:2
Jkh!ui&u*H@HQX$ek$JPI@,KDN\mfRQ#kmP%*&dnv#\VKm,3/9/1951,99,Tepfjempcjfmf,Jbdcmdtnpu,8:47:23
CrR%c$HF@b\wIHPL,u!l@fViL!gi\HI&OrJCFriv*uCymV,6/10/1992,10,Hxkiyxwarvhcp,Oyoxaibwgn,17:52:12
zvz*,rAJmL\y$N$gVUt%ybq,3/5/1983,0,Nhcvehuglh,Guhdtdsfo,13:15:16
%vr/tgV^@U@mpkG%*s!Yl!Ajl$QCFP,aupHctsfLw&M#&#Tn^Dpj!v*j@,4/20/1966,84,Yiftyqvaerdkjlj,Lhxxemw,17:42:43
NZjB*G*J$,*C^#A/EijQ!Jw/XzIg*OWe,1/2/1994,0,Ncfdtlrrdvcmrwn,Xyjnadsrjh,18:21:46
$iFDF#MQN$$,jPUmrgG/H$kZPxEdJkbiH@IS,8/31/1978,49,Kpssivx,Btjyjxdn,23:33:23
&YAUdf&*pXn^l&qr\/tKpGC,GLQ\&lLdbH\LhMYpYd&x!iyXd\Aws,7/5/1972,89,Uujdrhkudp,Qcsbngw,6:33:47
weXYlt&Yu#VKf$g&A//zH\l\F^,&@s@P@Gywn^,9/13/1950,15,Ytwsdyvqvkcq,Gndbcpqr,23:14:14
jG\@KZ\deQG*&PP%e^,vwCvRbN\YW&@@*G/u,10/5/1992,106,Jqcbocaiq,Ccefytemefxlb,13:6:22
@V\^!CtfDTiZMg*\!%B,Fy%@YRCBr/djlKst&QSC#nMm,4/24/1953,29,Eeovpcur,Mdrdwwjveno,22:25:36
N@M@S$TGT,!/AgktEUGB$$*M$&l@,7/27/1969,2,Etfagoj,Lvyicnfbmwttem,23:36:3
a#%^oAs%t&Pz\ado&b,apzi\kr^u$L%jURi!/&Pn,9/26/1983,140,Xvgbimltbowp,Jiuypfnfmo,23:7:44
zdQsC\!$^@#LwC,msS#%g#*jw&u\^$,8/8/1978,76,Kcoaokm,Eldoill,3:43:16
gn*$a@!DU$kM*oF&MTWx@lLE,l/\lR\g%@thEL&\wbn%FOqVfhH^z,10/31/1987,115,Njtgpbqgin,Eahxije,16:22:16
U#YmJ^Miq,//P^^^Ua!tz%WqtEbQz%yw*^q/,3/29/1959,128,Zolshsqry,Icuamulr,6:56:20
@UEq\a%ZGbI/q*K,/GG&fW*G&hXNwB,6/11/1951,40,Edwyvdudxstlo,Pognapa,12:32:10
kMB#Hk&GQZ#/SP&Ko,$j!%bbJn,12/3/1975,89,Kxeypbvfwumabsc,Pfegqirgw,14:18:14
qwjH,yY&H&Kmu,7/25/1979,180,Wpeuqdyhhuf,Mjsjlcikdgd,16:48:4
RvIj!DZt*kWCCO,^/Phecl*iLjj/lfZv^,1/15/1965,55,Rtnrep,Htwmehb,1:29:57
kgG@%F,pd#KY%x$igBnj,4/26/1959,32,Kmhkunptevvapt,Eayofsqnhuix,3:36:47
qi@gHj!$^,/a*!f@@qOlmPYlW*VjSU#ip\#,12/16/1995,12,Lbldvowwysdgbf,Ytidubbh,23:43:14
*N@jduPQ!,MP!^CUEVhva!k^Go@OmtIOplj&,3/17/1970,18,Rbntwg,Ymhechtbfkq,6:37:2
b$Ye$B/nWa@vg*AM#zGSvm,t&\EI/*i^@Ly^yrlVtBowGqgLx,8/30/1987,168,Mpioxxntdp,Eymvttduua,22:39:28
Jh#t$/VYAODyR%$&gX,m^\&cHk/u/la\o\IT%&U,7/16/1988,101,Umwmhnwlokwyoar,Pkllgrvvqjlsfy,20:57:33
F*Kwq&POn^s%tTrYBgdn%%^/%@,rSSmBTq*/AdQTS/E,6/29/1995,121,Ocovthwgder,Kgojrkapsknwrad,6:41:8
@f@o\ONYPrLw^LS,z\KcdS&wM\Q$U**Uv\S#/&y@^P$Ij,4/2/1986,184,Pklosctykhuk,Uxvkdpwrohrnvtn,23:12:7
\$gLXxA*KH/tn#%VNZ$YS\k,*x#ZjkS@^&,6/4/1985,5,Ikjdbcsujgsdwu,Wkapsee,4:19:38
^I#&Ur&@f&cES*uw/kF,fcCk%ol*R&\^!S^WFX,1/27/1956,23,Wsluhygamqfyf,Exmvlbwmkodl,23:16:32
USe#fCK\&E,F^c!Sns*gY%p\syYh\^V,3/5/1956,43,Uusyaxxa,Nhfjcrpilrqsbh,23:11:46
D!aDuh@\$RYEQ*N!$kdKWjOBQmJZYD,!!hbClewx\$,4/3/1969,70,Crhbmfcx,Oveouya,15:48:37
qye\,F\W@HvYxB$tXW^BVqnq,7/9/1959,61,Ypnhyqbhhcu,Mxjjprtwfjanln,2:17:46
AL#r,O\%Fr$Es\yjgG#vC$!oGTsRd@Mi,5/20/1969,60,Bsatfayfla,Sdfuuxc,1:51:8
HVw^&/Gi$\$r\Se@QScJ^*cDqK*^$,MLIA\$\ZkW\^@s,6/12/1991,0,Zhsstcutp,Uxlaidky,19:8:48
c%K&\^$kjuXj,w/Vr%x!JeMbyx\!H,12/25/1993,0,Jundoqra,Kjjvcvp,0:3:32
gBRqb&hDZNXJCx*UA^&dii/FG,%$#!NmT&,12/12/1961,3,Bihpwmqryy,Kqhrjcv,15:21:36
Qg$$/AAp,$bKyJEGi\\E/$,5/31/1996,0,Ggnnaicbf,Svmchoejmq,7:38:40
@ssl//*GT,%\@TGEXhe^U%oC,4/9/1975,72,Fwvpjds,Iweibhroy,13:48:14
#juG,%%^*R!%snoSLY,9/8/1984,32,Lbymkxqou,Omfpvmtgjj,4:57:57
mkbw*CptIAOAuDb,&^^X^AY%q@$R#Rq*!&aJ%,5/15/1974,0,Ffkownxmhoqgbr,Ohnkbred,20:17:13
EMV!a/b&/oZX,R@/au&q$,2/12/1969,66,Tnctfemwbubkpxx,Pjnjiqkdmpp,4:3:33
!Bdl@@&H/!Rv/SZHpV&&h#jBaoXaF,R#U&l@\c^Nol!buBQ^Xf^%,12/28/1984,12,Mkfnfwiglryjr,Fenusnqroeqarux,4:11:37
hb^$&,afS*p^%fPyE!y,12/31/1971,24,Yfegnjpvlv,Ogqnofesiuxsm,13:50:0
sl$*PH,Biz^*zg!TU\Tb/%,10/24/1989,0,Zpalla,Uortgyidyi,14:4:35
Zq/D*P*SK^k@*#pL&cHl,d@W*JO\^sDE&cmH!CY&SKK!q%,9/18/1982,176,Bhinuatrlwb,Qgibxd,5:48:17
gSQtPklesZM,h$PLZ&%&u&,9/4/1952,82,Wcglkhvjtd,Ukbcddqxbnv,16:25:56
*%La*sF*@,dxuTmMXtIrp$dIE,6/26/1960,23,Blreykw,Nsqlxivpvujs,9:54:5
L!S$V&FvK%$SPY@#Rwu@!^@QzNx^r,oy#jYfB&GjPz,5/27/1964,0,Aadsba,Cshhnvcjpbxtadc,7:56:7
GrfDpo#@/@,ApPcw$E@\GAKxP%\\fWiNEiEVx\l,9/1/1969,133,Rwxfsoxvtsmlkdx,Ctxijlwewgim,21:46:49
$ClQI#C^q!&j$wSD&^Zl,sc@yqAV^@yX^q\im^e,5/26/1991,0,Gaxlergngqbqbhn,Wtwdkqc,21:45:53
guA/LEaGXtbIYaD&$wF&AQu!,&&qOgi//E,1/9/1975,99,Kpiiyrbfthegpcr,Mtbipmqjfithtj,9:2:50
yA*&UsKVTGVMl@^b,%G%q@%$*!%\ge!M&yf&gu^@%V#V&UI,1/5/1979,147,Wvofyu,Rpjxssubny,17:4:42
NieUP%UzcLvbMLVwJ&l,I&L!Aa/VwEijNRcDFkG/$yvo/b\^,7/23/1951,77,Lpaenwq,Jlkuxkqupippohr,10:19:42
J#dOJ@ofQ\w$,&cp#@GHe!#x^Mv%#/JGqSI*\S$,7/22/1991,0,Tkfxhr,Jlxcsrfkhxgtft,12:34:56
\aTGy@/i!@$x!v!u*g$\kzM@gm,b$iwQoE%$\!\cQEC&a$,8/31/1971,104,Zfhcvhawrnn,Qkgjuoogaoykwhv,23:40:42
XwqI!Fkg&ip@A^j*a,&jx/UTt/z/X$\ag#y/RVF!pfZ!^S,6/6/1951,85,Jpxbmgybl,Agbrosnlvl,21:4:46
A&/j,KJsu%O#\#kF@@,6/6/1999,105,Rjlkrjf,Ooxvvgjj,1:37:5
x!&m*i&WpXgMaGa,y^TMu&No!*BzZU&SkOu&T#P,5/16/1966,47,Vldeknxcywgryag,Gdedxton,21:49:14
sBPXpvJdCXew,LX^z&@e^G!/NJhG$*SFUfag*IT,8/9/1989,39,Adsvrvegyywi,Gnsescbxysypvl,17:22:25
ai&uul!IaDldyK/\!V*hwG!k!F@E,lPbYQ@F&OQr%\^oH^,6/16/1982,126,Xmphdnloqvyv,Prsgwspuw,7:41:7
*H^D,H@uq!$OK,12/8/1973,84,Avmhtpbho,Oouheuxu,18:40:17
qjRts^Ffek!#yzS\/RKeLFCW,dvdIxlwi^!PiM$#BoPs&U,9/7/1975,20,Pwpfaky,Tukmyeqekpdbyb,22:11:3
Xxv%qqNVdwvoavuVUL&F/!t,#nmO#G&zX,12/1/1956,136,Vhrxelco,Rajlguviidlkke,20:57:40
**B/azEcB#$J^&#^,sfmR\%hkd&DbS\x,4/12/1976,0,Tvaceouiv,Xjymplio,14:32:3
UEABLXc$fC/v!py,zgoTGMnM,7/15/1952,97,Mlapex,Ifnquc,4:16:54
*&E*SieQMl&wkFLQ$B@I,@#nYZs\IcJ/sKV!OSL@F/joL,3/27/1956,42,Oxtbhpeic,Kxrwam,17:4:29
XyIz#&qvPx,$WpTk!T^yz!FZ&HGnO\@&,10/24/1999,6,Vahldcjydfvw,Othifpihqpyou,0:57:50
mU*!G^QV\e#\&tvz,%#Kjegtg/FV$sWggq*HpKMjgWNG,11/16/1997,69,Vwtvspfbxmera,Hvqcjfybdte,13:0:55
&#T!^lJJt&,KnaJ#gjGIZ,2/4/1969,10,Cgortsnvkksqm,Chmtqsomvbhaq,23:14:56
sKxV&wU&W/O/&/*@&w@u^lbZE,&UOwI&*St$&\iqyihy*,10/2/1955,0,Atnnlgmgbhhqb,Hkmtfqmcrpq,22:5:6
lH##p\!y$HMeUJ&f!@G@^d,zkBI/zeO&QhapP\,1/23/1956,165,Wsgwdyvypg,Eqigprcesh,11:15:37
a^Y&Ivo#Mt%U^H@!dyTHrDWs*@#%Y,%\C!&HYuCkVLLuxsazRfU,4/4/1997,88,Hkgkuw,Irqcgudclr,22:34:50
\h^M,hoV@f/k\gRbJK/yLw!H&LG!&@Rbqx%,12/28/1989,114,Riarddm,Ilqpgvfshwcpot,0:57:30
U#CG$U$#STw\zNl^fKMAG,&ti&n^V$!&WJ,12/26/1991,63,Tygvovxceer,Dvcspilyheiucow,7:4:55
MA@pH#%\ny@O&/h,kg#\L#RB%Eb!k,8/26/1979,98,Xcoisqnafw,Etouaqvnvthvf,20:58:4
ZpJiLGNknW/%M,vb$T%BrXZ!Qn@jthjW#mP!\Ye%@R,2/4/1979,119,Lllribvrdyyqw,Wucqic,4:41:3
/C$iEZ\ej,Rd*bFIkE,4/2/1951,0,Ohelxdoejkg,Swygbpwjjtrlk,5:19:24
fcz/oBX,NH%*/woM,10/9/1964,72,Wwucrhpxcjnhqg,Jiqhqhdeocbb,18:10:32
@/zl%^f!!WmV@sCTMXo/fK,rD/EX$m%DS,5/31/1955,0,Qyjvmoqlp,Wkrnonw,2:46:16
PB^hP/,eA^!pD\$^*#Bak@nUi%%$&y@@FDb,2/9/1996,137,Luvibsronptal,Ksvwpiejrdjvjm,2:47:44
IU#ZpD&UNL#ZRc%er*PT\!/iwYn$,O*RZ%v&QH&,9/22/1961,18,Ofghwd,Qlorrylxcbhk,2:24:2
Gjd&FjJXW\RG&$ua#Vg,uX\GYdVpe%wsqiAda&AUr%,8/1/1984,133,Yydobucqsrip,Rqdkdcxs,2:30:57
\A\Xu/K\RRy&#gDXa&SR/,HtxmvFzd,6/2/1950,134,Mwacakfwwyqenit,Arlqqif,15:56:6
zwP$u!l!#yEG&@gN%&mY&!,y%NNhL*@X!p,12/25/1968,18,Sjchnsneikddmob,Locqfvsc,4:19:5
xVEV,c^!r@cbpP!\otYMGn#^I,3/12/1992,49,Aroeidvpueby,Ngatfthpgvutlvl,23:54:16
pJv#qCyfxo,tF%^\IfBsC$M@/*,8/18/1955,39,Uxkvnucyieluhif,Uxrpkvyplvvedh,19:36:13
$*^vo/q/MqJ#Sd/w%Bcydfnowm/,$xYw\!j^#m/x#aVBeEy,2/12/1958,54,Zvnreulwrojpff,Fudgrtwsknusib,20:26:49
w@L%KX,bl\ibeP#sGrv@/TBdmD/Dt,5/7/1974,2,Wxfeaqhdeqv,Dvpgipg,14:52:41
Q&%!RdAAljv&@&,&l@h^\!SnZSf\$kgdy\Xo^/T,9/14/1958,79,Jkurwhduru,Kjvagvlnqdqs,13:34:41
W#hTdBWXH%b@@vNZV@xd@x&j,&pJD/Q$DMrjMXK*f\&/btt,10/20/1981,69,Cexciafilt,Obrgmlbeca,21:23:36
d&w!RQj/%i!f^&hf,KwB^I&e*DP$Qs*%j\!%@c@MV#ewq,10/10/1962,124,Pwweam,Gcxosgijsvixuu,13:58:52
/JXp$zBTmL%bhy*H%tJ#jbrd$EO,Mq\bjn!xB&,6/2/1952,58,Jwoofntjmkb,Olhlrvaw,17:58:54
&GF!o!E%NJwe,D*!BIng@yCXEhrSA#p,5/20/1972,14,Kpvnhumbmvkkg,Owavxiwqc,5:58:55
GSy//bf&\*Ve$z,zIkZHh%O^cdls@/#FRUjO#o!b%tTM,11/19/1977,87,Kufkftmojxorf,Ubeyak,10:39:24
lpRSr*U%^dv^c^tngdBk/c#E,\%yqP/#&\ehsvFWKDj&s,10/7/1958,0,Gvwetqhwvchpkjm,Zmgxonyjsdffe,4:30:31
F%#b^Z,W@xcFT^lwfo*pU#&AKOPT$%HLT%^p,10/25/1962,6,Ncfpscawkrei,Irxjkwviqeip,18:22:50
O^!ElQN#,WxZOZMUX,4/13/1990,0,Iwskimqn,Ynsbsad,4:45:47
$O!\$y,W%sMUam^@l!,12/6/1991,68,Rclanbnnmty,Cgxheunfgyqw,22:31:4
b/R%!koDDVjT*Z$ixzXmS&YVUsF*Z*,dF^Wx\%#U%@EbExF/SfO&q/^,4/27/1982,0,Vnibhqyy,Weatorymiiqairt,11:6:56
^AMZG,P!*TUG*Fp*eXhtu,12/6/1995,28,Uygmushgllwiylg,Xcxfbnykqkacmd,22:8:33
K/UXwxPNYQ\/vbU$@@T$,zlsj$!XNBxJd^NeE,12/7/1983,72,Qkkqwkxyqmgdk,Yudionk,12:10:9
%e/#xr/kF$M%NvBCV!A*\r&p\bUB,p@zL/bYl&uzT*RjCH\%c,6/30/1995,145,Ynugbskrsetkt,Cgdxyovxtwv,20:10:57
eQ%k%P@*JSIZkz,PVpn%@$!/,1/6/1951,0,Jrtguhajdfqo,Yxjudkycabaue,4:42:52
Bt%ENR\kQV@@#^$FjbyuC,\E&\%%&P&rN&%h,9/1/1977,122,Vnrxpdeywemndan,Ywqqyqhghesgk,7:5:13
KCHwC\DHEbyz@,%hjhnhTo#DVX\Hl^xOQm$@/VYgJ%&m,2/16/1956,125,Yhpxed,Hsamckvfwp,23:2:23
y$DH^C!!p\URt,Gl*Qv&L!KNN&dYmvx#K@@KX!#g#^%,12/17/1974,0,Tbrikekdp,Vbwkgjewuuykpn,7:36:33
V*Ju&sD@O,T\qO#Fs%%cyDs#YeYIs%a!#k/,11/4/1996,33,Txkaacvkwgpu,Uyiqpdmwxb,8:7:31
fQ!DTZzA^f@$@rSnP@b@kB,AkYSl#t!\\gR#T%tD&@msRfroneT,3/21/1953,0,Whqwiact,Mcpuqynwtr,18:4:51
/Ae*,vhlY^tQs*N#FNa^g*V**,6/19/1986,72,Egsedbvxbug,Yayfcyyalfkkoc,4:15:54
TuNinr,hY%otKZ!XQwKwm\&vB/LTL,9/25/1968,0,Uqqnuwmriholk,Vqplarsmigjab,22:27:44
r/f#&$#z%,%eTQh\!OqGGP!$Atsyj,7/25/1979,45,Eemmiy,Deemcpgmiktwqj,2:51:53
#^feOzZb,a\iVvdujpRIq&@^kCJX#*a@X&#&o,11/10/1951,78,Dkruyvwb,Rabtvcrqxa,20:23:24
a/!eZMtjIi&O&lx*PU\WCa/xq*Mx,\$&#$mVGQO!!eIGMbbg/,2/13/1976,0,Zbtrhqgsixt,Ubyvrswtpwjoj,11:41:43
&r%ktByAu&pnIqZ%!*Mu,taW$JwK*Snp/JY&rkfpJcd,8/1/1961,161,Rxqtnvnehhfq,Swtwvskgr,19:23:59
LUP%\UyccKVu\V$V#Nkllb^^%n^gF,!&!CZ#@@@!pWt,6/29/1961,41,Kdqliqearin,Rpeelh,5:49:2
XcYv/chrVn&*/%OORYA&x,ga%VO#IW,5/23/1983,0,Ibdebuvdqcqiyf,Ilsicdqq,0:37:38
od#rKh$Z$#BYVk!%,ZPjysm&k,1/12/1961,62,Trcpxprwos,Aaikfbwupoaptl,23:23:48
uZYoD&%/\!b*!N%,!yMG@js/Q/Op%JV^&/wy@UL$$,10/23/1959,81,Nlevmsvna,Xofbdsrtokm,7:45:17
LGdw^sOCnlm#&iaDb/r,SNNCQRZyBi&,6/8/1958,6,Uevqaqw,Gywggmb,12:50:0
lD#^YnnGNR^yV,BBzJ@k^iqUlxa$skC&v#@&&@*,5/4/1971,162,Ivnmlwpilqkfv,Mmvemnktfbw,13:11:0
&B^RbfTVwqr*Dl*dxd$%bJ,tGEPxf$P,9/23/1951,143,Cultlomipwmkuu,Rpdcnvkywv,9:47:44
Y%H$Poj&B$Q%/%@gXviK#eKthO,bXf^ytQY^g,7/6/1996,0,Mbfrlsorlyad,Beigyvbk,4:49:4
Sz$T%daDC#$BX/B/K^o/!nj#$JUo,!&^@#JwOWa,11/22/1979,130,Ifxvvhg,Iwlrwhtcmryb,16:7:53
/$AJDQvGGrU,Tqc%WO&E#\XG*%jR#Y%\lNRg,5/20/1955,73,Gjtoepduhf,Hwvswlwpillwxwj,13:10:11
@$!#Bwl@QC^C%k/IGn%#,a%P*L!ehH^S/g$m$,6/30/1958,129,Iotuwpglrito,Dnyawllya,0:7:29
jH@Jj@Awusbi$v/hs/Lu*tQvoQ,K!UTSLa*PEvXTeKBIB^O,6/17/1974,76,Dwvjaarr,Erhsqhd,17:44:28
uB%@&zfHUuH,$Oi*o!BfyXSzN,2/10/1963,120,Omsnuuqdxxa,Qhuadefliqfxmm,16:0:8
SjWWL@,GlkBk*M\$T\OA,5/12/1995,115,Tmfjmakf,Dalemmxtbie,1:12:33
FMH*\s*\rPrx\@Z$LL&Vu^kq$Zwe,!nt^*CUsH!/V^#P#^V@R\gk!t,7/18/1961,69,Hkfmdrcbat,Uplesnsip,11:5:53
r*dV\&@@UWFHpD$*/,kEmI#CjO!o,7/4/1965,0,Ayxgihjdp,Csribowki,9:3:50
qYT@v\wE$nzxLLd%r%&@&L,Wp*\$r#lB%\ofW!^fsw#Mv$%/%,3/3/1956,12,Pscgfjrjkn,Oxjhhoamkpusrao,7:54:59
k$dWg$%SpD#\#&,Ou&Ghq!YOdmhac&HJrO/$*JN&Id,12/9/1979,78,Frirmmovpbrmwdq,Oybpossfmckec,20:2:48
OXWH#n*iseWXy*g,hc$Y%e/^m\%,3/11/1975,44,Mdyimqiunn,Bccsehb,3:22:27
iw%xL*##cDd!sjc!opJ^,aCYeSOa^BUUFi&Hp,11/2/1987,27,Bafpcptvytpu,Qqsoyoiphuf,7:56:31
ZmGsLil@fu/szSENsDFippqQDCSE,!kwQsEJyvTBbFc&*,1/18/1976,0,Zfdxdyugauij,Bbjybhxjxhg,15:58:11
A@is/!*RK,xhVRMad^%gAX%^UkpIix!zYf@n@\,5/29/1955,0,Ttesgrkgetub,Zwqbqbdyahm,4:13:58
p!o/jx,%t^hmyADTwhCHA$k&ERW%\h,9/12/1975,179,Pbjtsfhj,Kflqutmfb,12:25:41
&/$YLC$eOKe/$QM@^,#uHZABhD\\^CM,7/7/1961,118,Hadmtkuyj,Mvfcjr,22:0:18
@Hy!NqO&q/dB*&h,*#SA#\/k!CHTH!,5/4/1959,67,Tbdfdhvh,Omgbrmiaek,19:7:38
mB/RubD$*PzT#zR%@,#rCDh$nfQW!!qJu,11/13/1957,0,Xpraqketranajs,Wjifuuycagr,3:38:15
F&y*KV%Sw#^a,#kD^V&#Dh^^LYsj$D%,2/23/1984,55,Okbonemwhb,Mgehgxwrojra,13:6:8
M^E$Sy^E@yj#C%N$kvuIH,N#ux/VjKU#,8/6/1979,103,Pktvkiqjp,Cwnhdioq,10:43:49
ywRFy$,y!%!*%iAhn*PEh\s!%,9/2/1995,0,Ukkabkaxolellad,Zjvudubiyko,23:31:40
#$IDiu,U@$/om!XC,2/22/1954,170,Lwnhciihrrueqyt,Kumvtiadfu,1:17:17
&T/k$rgS@Q$T&pHdfQL,#\%Xc\$pY%\ZSnKz*Ub#wpP*R,8/23/1990,14,Pdonhtl,Mypipqfjk,17:29:30
fpZ$&wgpSOvF%,wjJLTMbR%#Mr&PzRrJ,8/26/1963,139,Zryqkdq,Qrwvja,14:26:48
xx$*tNTk^VuN^tRBu,KsuCwKsqI%!!z^&@YRVepjy*lxUHN@,12/17/1979,110,Ktvrqlqbhebxwr,Tciiaxb,5:54:28
$QkgqqyT\nXgOO,!AA/f$#TD\XzNVuoZnetJ/gu^yUvXo,12/22/1987,0,Gvhcresxmxp,Nbjftbl,2:52:49
!p#CD%@&/HUo$Av\,zhiHVu#j$Fo$PlTCk$v%UD^yQf^,3/16/1995,0,Bkmqjckif,Djksia,16:32:41
Ki/U@//axX%*i,Tq@\QzYvT!cV,9/2/1952,2,Qwrnpge,Eieqgetok,11:27:47
k@$SYMvYZ$*mE$JKEdZC%k\/peqfQ,l/Q&bXlLVxl,4/24/1993,49,Luiilbpewcmnsv,Xmccibachtocpwc,19:25:59
^Jt!uWHexRZ!u#%s$%U#ve@$Fxa,TU%/Dfr$ak*&#XGnbCo^kX\\R!#*@,8/6/1974,0,Eymvsta,Ljpnbejespbt,0:8:38
$#Iw/m!%I@,$nOzikOEoy&$rH/J\eu,2/10/1995,0,Fsjaguvscrekswu,Qwwcweoag,16:17:1
DUS&!PetD#&N@@,#DehoFV*wa#i,3/2/1980,96,Dwfslsixlvcyxtt,Dspeiqopp,12:34:25
ki//Td^!&YcYplH*a*!,U!IJKh@EXOAspXHvLPUM/EhxnK,7/4/1974,122,Nittig,Ldmkfp,3:2:7
$lo#e/M*^&^/x,^ju#IcOvSOE,9/10/1950,113,Gjqmrkdhqsnjau,Qjbdcla,16:37:59
kH#Ojy#^M&^DPK\XL^rGoe!O%@!,svaM%BTrSLq#MMPAdkM*qAmrxg,8/18/1985,79,Xyholthw,Zhcpyoclrty,20:20:28
%v/gngYyuqo!#Q,G@ZeT&v/CbRP*a%W,7/1/1989,124,Toevflotsayxw,Quhqmcyfv,0:56:47
HkI&YRisuz%lcaz,ztk!Il//#e@*@TLcf,8/7/1983,146,Hhfwptgoyslc,Qbjrsqaid,5:17:11
PbMIC\gpEQcvsNs^z/w/Qk^b&i,meu$#gZ$*sHPco,12/2/1972,83,Qnistblryeh,Xgkxjueye,23:57:24
ZYzN$gYYrn*@eNR@RVL^Dm^,SM%Em@fNBdRdoMWaEL^,10/21/1951,0,Wayhihadyaipry,Pdwhfgwduq,2:45:24
V^OHEU%wmcvVLdq@r#,gd@#a^C//!Q!*ItoubE,11/14/1988,0,Enqumwbmufqkd,Xksynqnnjkqhr,2:48:8
M^!$NIXMUMZI,$IjfVdoPZUL$U^EeX!Qjn\rNmL#yL,3/27/1965,0,Tcrhrgylbvlpkel,Yieerux,10:22:38
^%zVv$,*bbzA@rO*kS$G*M\oNfpKP$*&z/f,6/6/1953,42,Jmauyfmfd,Wraobboopyp,20:11:45
uJbZFz^!RZx,SSpVN$rtz,7/14/1980,60,Qnpedn,Lfapubkr,4:38:56
wIvoj!%%ql!A@uPcA%w\,$lZ/T@mu&qt@*cu*^w\vZ^,11/2/1976,42,Gybkdb,Oaxxqcn,8:49:39
Nw/y&dcJtwG^UOa/%$i!^xmR@&#,^^^!ejFnhU#*$Rr@jB$ACs@Zn,7/13/1997,52,Wtioayyhfqeuags,Hdxxcsotyphan,17:21:20
SpU*b!h,kOMXb\ZoMk/p\h!/Guva%^,4/10/1998,37,Sksfubgq,Phuycgdo,9:2:27
BTVW,CJ*pxpJrDm^p,10/2/1956,145,Ythvxpadbdhki,Xsccvedrlbnr,16:39:28
RJCIHk\!\aq&dZ*X,WCS/^iB%$**EI/t*tb@#bQ^egLSCD,4/11/1998,106,Sqgeaswyaikdxf,Uwibygjjisekotp,13:52:51
%R@jdAtaX^!xrDSWOFkVbXVDgmaF*w,K@bGZd*l#@q#T$J&\,6/19/1988,0,Jithhxyc,Fegjxhockl,13:21:10
OmKlzFz@JZHU*yCG!,xizyWAm*ME$BHyJlqaawvNC/zIY,6/11/1983,59,Nwgsbgotbdl,Fijfpubpjynow,23:48:45
jIR^%Y!O^im\O,akUp/*S$eFAEr$Y,7/31/1976,183,Vtkfkfh,Ngnwefgyufmnysy,10:18:36
\czOsj@$g$b@/,!CLQ&SGaaEi#d\s\v@u&OroWljx/,4/25/1965,66,Imdliipiv,Dekieecxbsttsvv,22:37:54
k%%C@/C@J*G\#/x%pt^m!cA@S$YZW,N#O%JY*wa!$s/*E$fZ@&,11/29/1963,142,Dvlluehsilutfge,Ttisjpqnobyypr,21:49:34
oKm\!/*K!Ou/O^*@^&BSzqH\JqIES$,\y$evtqSkuxOO^U*XOP@jYjPjhP,7/14/1981,0,Lqojjndrvihy,Xjmxxjg,5:11:42
tIWo%TrAn\p%$DJXp/,S##^f$vQ\&Mb*^A*,3/14/1964,7,Majgxjn,Qssfxjyisyd,14:25:40
*FbAXWK*^$,/\!Tc/EW,11/2/1973,124,Ciiuwyppdm,Qndorkcofhi,6:0:19
bXl$&*LaQW$J%#YuxtD,jgNVWJHifqWD^zbPDzfOj\TCmp,4/10/1962,76,Yugjurrggjx,Wvbaggwsfkuueug,22:2:58
w\lM*&m#NSYAs*,mu/#A$i*I*&$ECM@%\#Sp,8/25/1979,0,Kiwnrxkltidpoue,Nrwtmmrtftleey,13:15:43
CS^zzSh&&#slp#%A$G%*Z%NM,cU^@m*c%Zzr/,7/4/1969,0,Rybcghh,Aqldktdouaqbgf,15:6:24
$VjaC@%AB*Z\L*#qhzUa\o,TU^Fk!P$a%F/*oS,6/6/1996,17,Hqxgqpcglolu,Tbjxxrksvxb,6:2:54
RxYM,*!MjJ\II&BHMqII/&*\/,4/25/1955,89,Qgtvkfmto,Ccagxnxaf,6:6:45
Jyc%U$/U^aUa&rtz#$RKcKg,@/LZk^^@\Y*&IkdchLLKQal,5/7/1957,105,Ihlitcdwfm,Oxsdajolvank,20:54:59
we\!#&Ak#tLA*\^^nTIK!di/!TM,pv/KpBU/g^mJ$\I,12/17/1969,0,Jvcaawmm,Kkvjlgbu,10:6:4
d*#Q/WsZKIuR!W&,iqx%Gevr!hdg%L*s*cw&,8/7/1958,6,Yceiqwyk,Ijnkkdgqsnphex,8:1:0
sSKwOzx\&hpon,wO\M#!ZY,8/9/1978,35,Rubywvbfioj,Xhrkkdtslct,3:46:52
^SYh&rqfD,*$JTvG^nq&^BU%sDcaw!oqCIiS@j%a,12/20/1956,166,Sifkdngwyw,Nscaqnabdbq,4:37:58
sA@LA@fPYFp^it^K@#uUbKip%g!,x/f&Qw\iF/KLwwD\GKCDtVe*F,10/29/1992,38,Xvbtjbowynd,Zgstnctbdwnfb,20:6:42
^&$T@!l\hz%%\r,jmnBhh%$W!M*Truqjg#xO,6/26/1995,0,Yrgnkuilh,Vadrhbwsynodycs,0:53:22
U/y#KhVS!%^omDuFf%J%c\qWn,\bm$IrA^P$Iu*/eg@baeWm,2/27/1995,97,Iioytugqaw,Lphdhx,3:44:56
DT#K!%,m*Txv*QYz*RNSkYk,4/9/1990,41,Bkilbc,Axeqimlevlasacs,19:2:15
Bs**#OX@tH,d%!%MDfG#skXh@Q,9/27/1966,165,Fdjbmko,Qjdljqp,20:15:59
rcaWjF@k,#qfd&*N%neqqQ,2/16/1953,28,Bpslakexdq,Vimxbtbdq,19:45:25
$NZG\Fg^!%xT,YOPCP&!&n\HN,12/22/1993,131,Pdxqeoeuubjnum,Pqvqebdtdqh,2:3:9
fA/L@*IfU*C^hYwE&*TkwMZ*VfHe,K/qJhO&$oppn@/^@!YY%C\OprnR*,5/8/1993,105,Bknbbpljl,Dkyigequbmtyyfu,11:33:28
i^dCzcFNcL\oQpyNoc,J\l\!$SRMyC#%m@GSwL@A,4/24/1983,0,Bwqgkcrk,Lqybkdyu,10:13:30
!/pB^!%cCd&Ul$rmEd*#*Qd,%uCDPKMPX%t\xmAt@dIX@vM@p/iM,2/24/1954,0,Knnawha,Tjvdcfamyin,18:4:36
$$B*$%eiaLVNC$d&pyu*$D,%pug/DP/g^,4/5/1991,48,Oqasvyxkk,Fiydcjixuffby,10:45:10
vSiZH*$jk#$g@/#U,$Vg^sLnH#oatFegzNM\iGhhbnOZ#,9/13/1952,0,Rsgphykxybvmtvf,Yjvdbtyhxhikh,14:54:55
%r*M%gRKnE,muZGvhNKU#*z@zXsM%UgpA/aUbOt/N,2/28/1982,10,Mdxtfsffheiwnet,Rxawwcensijqdct,0:27:58
#WihtiLe\&!v!o&Zmw@UBL!tYKc,f#TldepT$rGwj%d*Rx%DpN@@,6/12/1977,89,Xjsqoe,Uqftrl,3:4:19
VP%qlI,!%*DFCE%,1/21/1994,118,Dibgwlkb,Vtbpas,5:4:49
eI#%%X$CyKxwLOER\gWvkmm\,#deb!prSpFT\f&Pv,7/3/1994,25,Kyfnngqpd,Llaffrcvc,12:41:45
i\w!YCzemiLElwW\yMN\#N\GutEc,F$/HDL/PZU!TnHUDOiZO^Xsa$\XHD,11/21/1996,135,Evatuehfulup,Hihcvpe,5:26:18
sN^*#wZiK%n,$&$vT%EZ@yK@j,7/2/1993,29,Jwhmushbmrwo,Xppsvqnaomrwr,1:8:0
zT@@/gOV&DNR!q%/c%dfn/qh@&&,evfAY!&JH&$sjTH^t$$PB/,11/1/1976,0,Ilvhevtjgmvqo,Xuqyfwwrgsa,8:17:24
yrTjktp*,E\uu*\RVj!P,6/6/1994,106,Vritmmjkdghwc,Yhqfswlfth,18:42:20
CTU!q!kG/Tu^jzOnDc#V&S,IgKfnGo&M!Y,7/22/1952,52,Lmekeigmjrvvwsc,Iultpg,7:6:49
%@q*catFDMW!@JIFBfh$*G!pc^XV,Dg@%KWR$kZb#Wr\bza!ph$ntu@!f,8/6/1999,95,Svvccbfnoll,Dtciii,4:47:7
bA/^^#@\,y^pS#DvE,11/22/1956,26,Oqgmjocmtpb,Lawbtq,22:23:50
fV/#s!#/VkP$!N^h*#TLKQIU@arI,MtgNv@cCT#&!*nE,5/11/1987,89,Tvasoedikohlehy,Yhtstdgtvem,16:43:21
b$kP/%cPPVIk/gI/%,UYb^E!Rn!cJ*KVZPTGc#FmH,6/25/1976,12,Vfuhsgumby,Mlibucallocls,4:55:36
PP@pzp*&@*Wx&,w^*VmS/LLX%*SiaeQ*$XMh%fKFp,3/13/1957,0,Biakwxro,Hsdwuhyravki,17:7:10
eVRJO&K!&c#D^YPS*R,RitYM$v&PERB,8/30/1988,0,Qvbrqfwitefyyl,Niebjvluqlhqq,15:54:36
V!%KL&o@JmXyHSuIceLu@l,j*!sEdZxd#/sTi/!#VW#d/,5/17/1989,59,Nvsywyoj,Wenobasowrrl,20:34:20
q!R&i!%X&^y@/tMpKb!t\%Z,*LFFD!h%aGZC$/EJfAK@O,12/3/1996,100,Odadlmcmemif,Cwqewjdpeiyx,0:12:1
P^v^E@&wka#\u*%F\mo#q*@,hn&\/yr%Z!bS!Xtc/oyD!kZZ&*,2/3/1986,70,Gkglovycds,Lsslhtusrlkodn,21:11:47
LMqd&#&!&sDW*t*^W#WW\u&w,S%C@b#I!k@*K@U%a\T&$H&TQ,3/23/1969,0,Olywxkqlx,Bljumal,11:52:52
\!O&$&#GQt^^A$D!aN,wqIOEk^rqB^zET&X,6/10/1987,0,Zalmgr,Bqjekgahx,13:9:2
vsSt*@,vQ\S*NH^hDFmc$uEZ%oU,11/1/1977,73,Skunslpubmoyu,Pfudnlffbpa,7:9:27
KnP^%Aptu&FEIy\M@MRN\T//%eJppL,x%PAG/eD^O%Xi,2/18/1960,29,Isjmldcbwhs,Vinrpwbbokyf,20:44:44
^*r^moxd&o^,%Qj#*bMVuwTo&P#&Veay!&^j^,1/11/1964,34,Hbcqpsb,Euummkxge,21:1:33
SDPQZsDH^pFAY,\%$nD\Wgulr#VE/F&bbL$bPcH!,7/16/1992,0,Bqewell,Radivfvaq,23:21:25
U%@ly$W@nubv@B&Es&/W%/hO$chmq,o&@AXouAv#Dfm!#$MXR,2/25/1980,0,Bocfppqrrokmw,Tjllfuwhfpyqbat,0:35:52
iMx^Usq,%\&b*WR&qIdXI^quJmi&*@Ygfj&%,2/10/1969,60,Pmrilyuhrasf,Scgpnkqgx,5:25:51
Pjl%QS!&,oEAk%!\^/,1/15/1958,111,Kxokagjh,Zfrrcaelxxangl,21:46:44
b*n\*q$&Zf$TR#*Nb^&!/xgq/B,@OUrPWw*$pGr,7/1/1968,73,Wxneskjlqe,Zabuqgfh,16:0:47
\^t!a*IEd,NfJMhL$\\$uO@O%mz%w^,9/28/1987,117,Owsicj,Bdllhqswxiaeft,22:52:56
kvK%AP$g%VSm,J&q!W\qq@//cmH!dw#vvZ,7/16/1954,8,Nabyinbcbf,Ffghgjfiitaynyf,18:36:19
KTfdU@Go%,@$AUFE\mwuacQQe&e$\Y%f*Ny^C!z@,6/12/1958,20,Wxtweqgyuv,Gthfgdammc,5:1:33
jp#v*xFwBq!oyCI,!Zg&E&Y%ok#S\G\v/RfY&iEXD&,7/19/1951,114,Eibvypwjxaeqhnx,Oaqeiinaqd,4:3:20
$@/frU$aZ$*!t*G&oUAaht/h\R$^ms,!$n\xqxN,2/19/1960,53,Dblenmtbuh,Xsjnhvygnoqh,19:2:42
PWg*q&wM*#V*eE^*#Pik&J,!uRNNn@cz!ws^#cvI/A$\kfKvKu,6/25/1999,32,Qksodpengcvp,Htyhmsogfscwkgg,18:27:32
qamDp#Rm,^LM^$y#Zjmm/W/&p,3/25/1971,0,Snwmnhnbx,Weyxdomjhfxiydt,18:16:45
JiYDVdG%xAN!!%,L$*@*aVlj\ot*zJ^a,3/10/1989,42,Cmcjqxxtf,Dhyqwglhixfcj,8:29:39
Y&^@#$XKsB@!dOlSlX!^m#HaX,j#pAwJ%jFB^&&H&!A@uI!,9/21/1998,79,Fltqsmqlurc,Mcitqcw,10:31:58
T!&blZpx!zZf&i,Hpg*wi\Cw^e#Ny/!,7/20/1998,86,Iqktwlhhuojc,Rrjxgbogiaqqac,15:35:14
\d&CFMCUqzp#eZ#M/nlP/,^M#^CnliH,9/26/1972,60,Eplmaqmgdean,Dvxasuvoebg,3:30:30
cgsal\vE&y*/xmn%,@em#Gve!%Y,4/25/1981,9,Emadlvtjx,Kpnusnmpyrth,15:50:37
